dhb,report_date,count
Auckland,2020-02-26,1
Auckland,2020-03-16,1
Auckland,2020-03-17,2
Auckland,2020-03-18,1
Auckland,2020-03-19,4
Auckland,2020-03-20,1
Auckland,2020-03-21,4
Auckland,2020-03-22,8
Auckland,2020-03-23,7
Auckland,2020-03-24,7
Auckland,2020-03-25,11
Auckland,2020-03-26,12
Auckland,2020-03-27,7
Auckland,2020-03-28,15
Auckland,2020-03-29,9
Auckland,2020-03-30,3
Auckland,2020-03-31,8
Auckland,2020-04-01,4
Auckland,2020-04-02,3
Auckland,2020-04-03,3
Auckland,2020-04-04,9
Auckland,2020-04-05,9
Auckland,2020-04-06,6
Auckland,2020-04-07,2
Auckland,2020-04-08,4
Auckland,2020-04-09,11
Auckland,2020-04-10,4
Auckland,2020-04-11,3
Auckland,2020-04-12,3
Auckland,2020-04-13,1
Auckland,2020-04-14,1
Auckland,2020-04-16,2
Auckland,2020-04-17,1
Auckland,2020-04-18,1
Auckland,2020-04-21,1
Auckland,2020-04-25,1
Auckland,2020-04-30,2
Auckland,2020-05-01,2
Auckland,2020-05-05,1
Auckland,2020-05-22,1
Auckland,2020-08-13,3
Auckland,2020-08-14,4
Auckland,2020-08-15,4
Auckland,2020-08-16,8
Auckland,2020-08-17,3
Auckland,2020-08-18,5
Auckland,2020-08-20,1
Auckland,2020-08-21,1
Auckland,2020-08-23,1
Auckland,2020-08-24,3
Auckland,2020-08-26,1
Auckland,2020-08-28,1
Auckland,2020-08-29,1
Auckland,2020-08-30,3
Auckland,2020-09-02,2
Auckland,2020-09-08,2
Auckland,2020-09-10,1
Auckland,2020-09-18,1
Auckland,2020-09-22,3
Auckland,2020-11-06,1
Auckland,2020-11-12,1
Auckland,2021-08-18,1
Auckland,2021-08-19,4
Auckland,2021-08-20,4
Auckland,2021-08-21,8
Auckland,2021-08-22,7
Auckland,2021-08-23,5
Auckland,2021-08-24,15
Auckland,2021-08-25,13
Auckland,2021-08-26,19
Auckland,2021-08-27,18
Auckland,2021-08-28,6
Auckland,2021-08-29,7
Auckland,2021-08-30,15
Auckland,2021-08-31,9
Auckland,2021-09-01,8
Auckland,2021-09-02,8
Auckland,2021-09-03,4
Auckland,2021-09-04,3
Auckland,2021-09-05,5
Auckland,2021-09-06,3
Auckland,2021-09-07,1
Auckland,2021-09-08,3
Auckland,2021-09-09,1
Auckland,2021-09-10,1
Auckland,2021-09-12,1
Auckland,2021-09-14,3
Auckland,2021-09-16,1
Auckland,2021-09-17,5
Auckland,2021-09-18,2
Auckland,2021-09-19,5
Auckland,2021-09-20,2
Auckland,2021-09-21,4
Auckland,2021-09-22,6
Auckland,2021-09-24,1
Auckland,2021-09-25,2
Auckland,2021-09-26,1
Auckland,2021-09-27,2
Auckland,2021-09-28,9
Auckland,2021-09-29,5
Auckland,2021-09-30,3
Auckland,2021-10-01,9
Auckland,2021-10-02,10
Auckland,2021-10-03,5
Auckland,2021-10-04,4
Auckland,2021-10-05,7
Auckland,2021-10-06,6
Auckland,2021-10-07,7
Auckland,2021-10-08,4
Auckland,2021-10-09,9
Auckland,2021-10-10,7
Auckland,2021-10-11,9
Auckland,2021-10-12,7
Auckland,2021-10-13,12
Auckland,2021-10-14,7
Auckland,2021-10-15,12
Auckland,2021-10-16,12
Auckland,2021-10-17,8
Auckland,2021-10-18,12
Auckland,2021-10-19,16
Auckland,2021-10-20,27
Auckland,2021-10-21,23
Auckland,2021-10-22,15
Auckland,2021-10-23,23
Auckland,2021-10-24,24
Auckland,2021-10-25,18
Auckland,2021-10-26,18
Auckland,2021-10-27,15
Auckland,2021-10-28,29
Auckland,2021-10-29,27
Auckland,2021-10-30,48
Auckland,2021-10-31,45
Auckland,2021-11-01,20
Auckland,2021-11-02,25
Auckland,2021-11-03,47
Auckland,2021-11-04,29
Auckland,2021-11-05,34
Auckland,2021-11-06,45
Auckland,2021-11-07,39
Auckland,2021-11-08,28
Auckland,2021-11-09,32
Auckland,2021-11-10,41
Auckland,2021-11-11,46
Auckland,2021-11-12,39
Auckland,2021-11-13,31
Auckland,2021-11-14,55
Auckland,2021-11-15,53
Auckland,2021-11-16,28
Auckland,2021-11-17,40
Auckland,2021-11-18,40
Auckland,2021-11-19,24
Auckland,2021-11-20,35
Auckland,2021-11-21,23
Auckland,2021-11-22,36
Auckland,2021-11-23,35
Auckland,2021-11-24,43
Auckland,2021-11-25,47
Auckland,2021-11-26,35
Auckland,2021-11-27,28
Auckland,2021-11-28,40
Auckland,2021-11-29,19
Auckland,2021-11-30,23
Auckland,2021-12-01,22
Auckland,2021-12-02,27
Auckland,2021-12-03,32
Auckland,2021-12-04,23
Auckland,2021-12-05,21
Auckland,2021-12-06,28
Auckland,2021-12-07,18
Auckland,2021-12-08,22
Auckland,2021-12-09,18
Auckland,2021-12-10,18
Auckland,2021-12-11,9
Auckland,2021-12-12,14
Auckland,2021-12-13,13
Auckland,2021-12-14,18
Auckland,2021-12-15,15
Auckland,2021-12-16,15
Auckland,2021-12-17,12
Auckland,2021-12-18,17
Auckland,2021-12-19,11
Auckland,2021-12-20,4
Auckland,2021-12-21,3
Auckland,2021-12-22,9
Auckland,2021-12-23,5
Auckland,2021-12-24,5
Auckland,2021-12-25,14
Auckland,2021-12-26,4
Auckland,2021-12-27,2
Auckland,2021-12-28,3
Auckland,2021-12-30,10
Auckland,2021-12-31,13
Auckland,2022-01-01,11
Auckland,2022-01-02,3
Auckland,2022-01-03,2
Auckland,2022-01-04,4
Auckland,2022-01-05,1
Auckland,2022-01-06,7
Auckland,2022-01-07,12
Auckland,2022-01-08,5
Auckland,2022-01-09,11
Auckland,2022-01-10,7
Auckland,2022-01-11,7
Auckland,2022-01-12,4
Auckland,2022-01-13,5
Auckland,2022-01-14,6
Auckland,2022-01-15,4
Auckland,2022-01-17,2
Auckland,2022-01-18,9
Auckland,2022-01-19,4
Auckland,2022-01-20,8
Auckland,2022-01-21,2
Auckland,2022-01-22,7
Auckland,2022-01-23,3
Auckland,2022-01-24,6
Auckland,2022-01-25,5
Auckland,2022-01-26,2
Auckland,2022-01-27,11
Auckland,2022-01-28,10
Auckland,2022-01-29,25
Auckland,2022-01-30,12
Auckland,2022-01-31,17
Auckland,2022-02-01,25
Auckland,2022-02-02,20
Auckland,2022-02-03,32
Auckland,2022-02-04,26
Auckland,2022-02-05,21
Auckland,2022-02-06,23
Auckland,2022-02-07,24
Auckland,2022-02-08,26
Auckland,2022-02-09,75
Auckland,2022-02-10,65
Auckland,2022-02-11,91
Auckland,2022-02-12,154
Auckland,2022-02-13,122
Auckland,2022-02-14,91
Auckland,2022-02-15,231
Auckland,2022-02-16,309
Auckland,2022-02-17,344
Auckland,2022-02-18,486
Auckland,2022-02-19,828
Auckland,2022-02-20,765
Auckland,2022-02-21,1393
Auckland,2022-02-22,1392
Auckland,2022-02-23,1074
Auckland,2022-02-24,1960
Auckland,2022-02-25,2283
Auckland,2022-02-26,1632
Auckland,2022-02-27,1785
Auckland,2022-02-28,3075
Auckland,2022-03-01,3647
Auckland,2022-03-02,3678
Auckland,2022-03-03,4011
Auckland,2022-03-04,2767
Auckland,2022-03-05,2025
Auckland,2022-03-06,2021
Auckland,2022-03-07,2796
Auckland,2022-03-08,2368
Auckland,2022-03-09,2017
Auckland,2022-03-10,2007
Auckland,2022-03-11,1687
Auckland,2022-03-12,1272
Auckland,2022-03-13,1310
Auckland,2022-03-14,1651
Auckland,2022-03-15,1507
Auckland,2022-03-16,1343
Auckland,2022-03-17,963
Auckland,2022-03-18,1055
Auckland,2022-03-19,930
Bay of Plenty,2020-03-21,1
Bay of Plenty,2020-03-24,3
Bay of Plenty,2020-03-25,2
Bay of Plenty,2020-03-26,3
Bay of Plenty,2020-03-27,3
Bay of Plenty,2020-03-28,2
Bay of Plenty,2020-03-30,4
Bay of Plenty,2020-03-31,3
Bay of Plenty,2020-04-01,6
Bay of Plenty,2020-04-02,4
Bay of Plenty,2020-04-03,1
Bay of Plenty,2020-04-05,1
Bay of Plenty,2020-04-06,4
Bay of Plenty,2020-04-07,1
Bay of Plenty,2020-04-09,2
Bay of Plenty,2020-04-10,2
Bay of Plenty,2020-04-14,3
Bay of Plenty,2020-04-17,1
Bay of Plenty,2020-04-19,2
Bay of Plenty,2021-11-17,1
Bay of Plenty,2021-11-18,2
Bay of Plenty,2021-11-19,7
Bay of Plenty,2021-11-20,3
Bay of Plenty,2021-11-21,3
Bay of Plenty,2021-11-22,2
Bay of Plenty,2021-11-23,11
Bay of Plenty,2021-11-24,10
Bay of Plenty,2021-11-25,1
Bay of Plenty,2021-11-26,4
Bay of Plenty,2021-11-27,4
Bay of Plenty,2021-11-29,9
Bay of Plenty,2021-11-30,3
Bay of Plenty,2021-12-01,1
Bay of Plenty,2021-12-02,5
Bay of Plenty,2021-12-03,6
Bay of Plenty,2021-12-06,8
Bay of Plenty,2021-12-07,7
Bay of Plenty,2021-12-08,4
Bay of Plenty,2021-12-09,5
Bay of Plenty,2021-12-10,2
Bay of Plenty,2021-12-11,2
Bay of Plenty,2021-12-12,1
Bay of Plenty,2021-12-13,7
Bay of Plenty,2021-12-14,7
Bay of Plenty,2021-12-15,11
Bay of Plenty,2021-12-16,10
Bay of Plenty,2021-12-17,12
Bay of Plenty,2021-12-18,2
Bay of Plenty,2021-12-19,3
Bay of Plenty,2021-12-20,8
Bay of Plenty,2021-12-21,9
Bay of Plenty,2021-12-22,12
Bay of Plenty,2021-12-23,8
Bay of Plenty,2021-12-24,5
Bay of Plenty,2021-12-25,2
Bay of Plenty,2021-12-26,1
Bay of Plenty,2021-12-27,2
Bay of Plenty,2021-12-29,12
Bay of Plenty,2021-12-30,18
Bay of Plenty,2021-12-31,11
Bay of Plenty,2022-01-01,9
Bay of Plenty,2022-01-02,8
Bay of Plenty,2022-01-03,11
Bay of Plenty,2022-01-04,9
Bay of Plenty,2022-01-05,5
Bay of Plenty,2022-01-06,14
Bay of Plenty,2022-01-07,7
Bay of Plenty,2022-01-08,10
Bay of Plenty,2022-01-09,2
Bay of Plenty,2022-01-10,2
Bay of Plenty,2022-01-11,3
Bay of Plenty,2022-01-12,4
Bay of Plenty,2022-01-13,1
Bay of Plenty,2022-01-15,3
Bay of Plenty,2022-01-18,1
Bay of Plenty,2022-01-20,1
Bay of Plenty,2022-01-24,2
Bay of Plenty,2022-01-26,6
Bay of Plenty,2022-01-27,6
Bay of Plenty,2022-01-28,7
Bay of Plenty,2022-01-29,10
Bay of Plenty,2022-01-30,4
Bay of Plenty,2022-01-31,4
Bay of Plenty,2022-02-01,5
Bay of Plenty,2022-02-02,9
Bay of Plenty,2022-02-03,15
Bay of Plenty,2022-02-04,17
Bay of Plenty,2022-02-05,4
Bay of Plenty,2022-02-06,16
Bay of Plenty,2022-02-07,10
Bay of Plenty,2022-02-08,14
Bay of Plenty,2022-02-09,2
Bay of Plenty,2022-02-10,14
Bay of Plenty,2022-02-11,26
Bay of Plenty,2022-02-12,11
Bay of Plenty,2022-02-13,16
Bay of Plenty,2022-02-14,9
Bay of Plenty,2022-02-15,31
Bay of Plenty,2022-02-16,30
Bay of Plenty,2022-02-17,58
Bay of Plenty,2022-02-18,63
Bay of Plenty,2022-02-19,85
Bay of Plenty,2022-02-20,45
Bay of Plenty,2022-02-21,93
Bay of Plenty,2022-02-22,199
Bay of Plenty,2022-02-23,208
Bay of Plenty,2022-02-24,642
Bay of Plenty,2022-02-25,718
Bay of Plenty,2022-02-26,672
Bay of Plenty,2022-02-27,720
Bay of Plenty,2022-02-28,1094
Bay of Plenty,2022-03-01,1314
Bay of Plenty,2022-03-02,1314
Bay of Plenty,2022-03-03,1303
Bay of Plenty,2022-03-04,1224
Bay of Plenty,2022-03-05,942
Bay of Plenty,2022-03-06,1173
Bay of Plenty,2022-03-07,1683
Bay of Plenty,2022-03-08,1428
Bay of Plenty,2022-03-09,1389
Bay of Plenty,2022-03-10,1351
Bay of Plenty,2022-03-11,1250
Bay of Plenty,2022-03-12,953
Bay of Plenty,2022-03-13,1026
Bay of Plenty,2022-03-14,1424
Bay of Plenty,2022-03-15,1345
Bay of Plenty,2022-03-16,1265
Bay of Plenty,2022-03-17,955
Bay of Plenty,2022-03-18,1062
Bay of Plenty,2022-03-19,956
Canterbury,2020-03-17,1
Canterbury,2020-03-18,1
Canterbury,2020-03-20,2
Canterbury,2020-03-21,3
Canterbury,2020-03-22,3
Canterbury,2020-03-23,6
Canterbury,2020-03-24,7
Canterbury,2020-03-25,5
Canterbury,2020-03-26,14
Canterbury,2020-03-27,4
Canterbury,2020-03-28,9
Canterbury,2020-03-29,2
Canterbury,2020-03-30,1
Canterbury,2020-03-31,3
Canterbury,2020-04-01,2
Canterbury,2020-04-02,9
Canterbury,2020-04-03,11
Canterbury,2020-04-04,17
Canterbury,2020-04-05,4
Canterbury,2020-04-06,11
Canterbury,2020-04-07,4
Canterbury,2020-04-08,6
Canterbury,2020-04-09,10
Canterbury,2020-04-10,2
Canterbury,2020-04-11,1
Canterbury,2020-04-12,3
Canterbury,2020-04-13,1
Canterbury,2020-04-14,1
Canterbury,2020-04-15,2
Canterbury,2020-04-16,3
Canterbury,2020-04-18,2
Canterbury,2020-04-19,3
Canterbury,2020-04-20,1
Canterbury,2020-04-21,2
Canterbury,2020-04-22,2
Canterbury,2020-04-23,2
Canterbury,2020-04-24,2
Canterbury,2020-05-01,2
Canterbury,2020-05-15,1
Canterbury,2020-10-02,1
Canterbury,2020-11-02,1
Canterbury,2020-11-03,1
Canterbury,2021-10-27,2
Canterbury,2021-10-29,2
Canterbury,2021-11-16,1
Canterbury,2021-11-17,1
Canterbury,2021-11-19,1
Canterbury,2021-11-21,1
Canterbury,2021-11-26,1
Canterbury,2021-12-04,1
Canterbury,2021-12-05,2
Canterbury,2021-12-08,1
Canterbury,2021-12-09,1
Canterbury,2021-12-10,3
Canterbury,2021-12-11,2
Canterbury,2021-12-13,1
Canterbury,2021-12-23,2
Canterbury,2021-12-27,1
Canterbury,2021-12-29,1
Canterbury,2022-01-11,3
Canterbury,2022-01-12,1
Canterbury,2022-01-13,2
Canterbury,2022-01-18,1
Canterbury,2022-01-26,1
Canterbury,2022-01-27,4
Canterbury,2022-01-29,1
Canterbury,2022-01-30,1
Canterbury,2022-01-31,2
Canterbury,2022-02-05,3
Canterbury,2022-02-07,1
Canterbury,2022-02-08,2
Canterbury,2022-02-12,2
Canterbury,2022-02-13,2
Canterbury,2022-02-14,3
Canterbury,2022-02-15,8
Canterbury,2022-02-16,9
Canterbury,2022-02-17,28
Canterbury,2022-02-18,39
Canterbury,2022-02-19,68
Canterbury,2022-02-20,108
Canterbury,2022-02-21,132
Canterbury,2022-02-22,570
Canterbury,2022-02-23,472
Canterbury,2022-02-24,545
Canterbury,2022-02-25,482
Canterbury,2022-02-26,349
Canterbury,2022-02-27,437
Canterbury,2022-02-28,640
Canterbury,2022-03-01,1020
Canterbury,2022-03-02,1285
Canterbury,2022-03-03,1202
Canterbury,2022-03-04,1175
Canterbury,2022-03-05,1025
Canterbury,2022-03-06,1311
Canterbury,2022-03-07,1905
Canterbury,2022-03-08,2020
Canterbury,2022-03-09,2032
Canterbury,2022-03-10,2155
Canterbury,2022-03-11,2041
Canterbury,2022-03-12,1662
Canterbury,2022-03-13,1894
Canterbury,2022-03-14,2652
Canterbury,2022-03-15,2384
Canterbury,2022-03-16,2496
Canterbury,2022-03-17,1944
Canterbury,2022-03-18,2293
Canterbury,2022-03-19,2295
Capital and Coast,2020-03-14,1
Capital and Coast,2020-03-16,2
Capital and Coast,2020-03-17,1
Capital and Coast,2020-03-18,1
Capital and Coast,2020-03-19,2
Capital and Coast,2020-03-21,1
Capital and Coast,2020-03-22,7
Capital and Coast,2020-03-23,9
Capital and Coast,2020-03-24,10
Capital and Coast,2020-03-25,4
Capital and Coast,2020-03-26,3
Capital and Coast,2020-03-27,3
Capital and Coast,2020-03-28,5
Capital and Coast,2020-03-29,8
Capital and Coast,2020-03-30,1
Capital and Coast,2020-03-31,2
Capital and Coast,2020-04-01,3
Capital and Coast,2020-04-02,4
Capital and Coast,2020-04-03,6
Capital and Coast,2020-04-04,6
Capital and Coast,2020-04-06,2
Capital and Coast,2020-04-08,3
Capital and Coast,2020-04-09,2
Capital and Coast,2020-04-12,2
Capital and Coast,2020-04-15,3
Capital and Coast,2020-04-16,1
Capital and Coast,2020-04-17,1
Capital and Coast,2020-04-20,2
Capital and Coast,2020-11-11,1
Capital and Coast,2021-08-20,4
Capital and Coast,2021-08-21,2
Capital and Coast,2021-08-22,5
Capital and Coast,2021-08-24,1
Capital and Coast,2021-08-25,2
Capital and Coast,2021-08-28,1
Capital and Coast,2021-08-31,1
Capital and Coast,2021-09-02,1
Capital and Coast,2021-11-19,1
Capital and Coast,2022-01-08,1
Capital and Coast,2022-01-09,1
Capital and Coast,2022-01-10,1
Capital and Coast,2022-01-11,1
Capital and Coast,2022-01-15,1
Capital and Coast,2022-01-17,1
Capital and Coast,2022-01-25,1
Capital and Coast,2022-01-29,1
Capital and Coast,2022-01-30,1
Capital and Coast,2022-02-02,4
Capital and Coast,2022-02-03,2
Capital and Coast,2022-02-05,6
Capital and Coast,2022-02-07,4
Capital and Coast,2022-02-08,3
Capital and Coast,2022-02-09,4
Capital and Coast,2022-02-10,4
Capital and Coast,2022-02-11,3
Capital and Coast,2022-02-12,15
Capital and Coast,2022-02-13,4
Capital and Coast,2022-02-14,5
Capital and Coast,2022-02-15,33
Capital and Coast,2022-02-16,20
Capital and Coast,2022-02-17,36
Capital and Coast,2022-02-18,30
Capital and Coast,2022-02-19,46
Capital and Coast,2022-02-20,83
Capital and Coast,2022-02-21,117
Capital and Coast,2022-02-22,313
Capital and Coast,2022-02-23,304
Capital and Coast,2022-02-24,402
Capital and Coast,2022-02-25,354
Capital and Coast,2022-02-26,392
Capital and Coast,2022-02-27,490
Capital and Coast,2022-02-28,661
Capital and Coast,2022-03-01,1163
Capital and Coast,2022-03-02,1534
Capital and Coast,2022-03-03,1447
Capital and Coast,2022-03-04,1316
Capital and Coast,2022-03-05,1201
Capital and Coast,2022-03-06,1540
Capital and Coast,2022-03-07,1785
Capital and Coast,2022-03-08,1896
Capital and Coast,2022-03-09,1849
Capital and Coast,2022-03-10,1751
Capital and Coast,2022-03-11,1546
Capital and Coast,2022-03-12,1197
Capital and Coast,2022-03-13,1192
Capital and Coast,2022-03-14,1588
Capital and Coast,2022-03-15,1314
Capital and Coast,2022-03-16,1407
Capital and Coast,2022-03-17,906
Capital and Coast,2022-03-18,1042
Capital and Coast,2022-03-19,995
Counties Manukau,2020-03-04,1
Counties Manukau,2020-03-05,1
Counties Manukau,2020-03-06,1
Counties Manukau,2020-03-12,1
Counties Manukau,2020-03-17,1
Counties Manukau,2020-03-19,1
Counties Manukau,2020-03-21,4
Counties Manukau,2020-03-22,8
Counties Manukau,2020-03-23,1
Counties Manukau,2020-03-24,2
Counties Manukau,2020-03-25,5
Counties Manukau,2020-03-26,3
Counties Manukau,2020-03-27,6
Counties Manukau,2020-03-28,7
Counties Manukau,2020-03-29,4
Counties Manukau,2020-03-30,9
Counties Manukau,2020-03-31,7
Counties Manukau,2020-04-01,5
Counties Manukau,2020-04-02,6
Counties Manukau,2020-04-03,8
Counties Manukau,2020-04-04,4
Counties Manukau,2020-04-05,10
Counties Manukau,2020-04-06,7
Counties Manukau,2020-04-07,2
Counties Manukau,2020-04-08,2
Counties Manukau,2020-04-09,5
Counties Manukau,2020-04-10,1
Counties Manukau,2020-04-11,1
Counties Manukau,2020-04-13,1
Counties Manukau,2020-04-14,5
Counties Manukau,2020-04-16,3
Counties Manukau,2020-04-17,1
Counties Manukau,2020-04-18,2
Counties Manukau,2020-04-19,1
Counties Manukau,2020-04-21,2
Counties Manukau,2020-04-22,1
Counties Manukau,2020-04-24,1
Counties Manukau,2020-04-28,1
Counties Manukau,2020-04-29,1
Counties Manukau,2020-05-03,1
Counties Manukau,2020-08-11,4
Counties Manukau,2020-08-12,9
Counties Manukau,2020-08-13,7
Counties Manukau,2020-08-14,1
Counties Manukau,2020-08-15,6
Counties Manukau,2020-08-16,4
Counties Manukau,2020-08-17,6
Counties Manukau,2020-08-18,4
Counties Manukau,2020-08-19,1
Counties Manukau,2020-08-20,3
Counties Manukau,2020-08-21,5
Counties Manukau,2020-08-23,5
Counties Manukau,2020-08-24,2
Counties Manukau,2020-08-25,1
Counties Manukau,2020-08-27,1
Counties Manukau,2020-08-28,5
Counties Manukau,2020-08-29,2
Counties Manukau,2020-08-30,1
Counties Manukau,2020-08-31,1
Counties Manukau,2020-09-01,4
Counties Manukau,2020-09-02,1
Counties Manukau,2020-09-03,2
Counties Manukau,2020-09-04,1
Counties Manukau,2020-09-08,1
Counties Manukau,2020-09-10,1
Counties Manukau,2020-09-13,1
Counties Manukau,2020-09-19,2
Counties Manukau,2020-09-21,1
Counties Manukau,2020-10-21,1
Counties Manukau,2020-11-14,1
Counties Manukau,2021-02-13,2
Counties Manukau,2021-02-14,1
Counties Manukau,2021-02-16,1
Counties Manukau,2021-02-17,2
Counties Manukau,2021-02-19,1
Counties Manukau,2021-02-21,1
Counties Manukau,2021-02-23,3
Counties Manukau,2021-02-25,1
Counties Manukau,2021-02-26,1
Counties Manukau,2021-02-27,2
Counties Manukau,2021-02-28,1
Counties Manukau,2021-08-19,3
Counties Manukau,2021-08-20,8
Counties Manukau,2021-08-21,12
Counties Manukau,2021-08-22,13
Counties Manukau,2021-08-23,26
Counties Manukau,2021-08-24,22
Counties Manukau,2021-08-25,46
Counties Manukau,2021-08-26,46
Counties Manukau,2021-08-27,46
Counties Manukau,2021-08-28,57
Counties Manukau,2021-08-29,30
Counties Manukau,2021-08-30,34
Counties Manukau,2021-08-31,28
Counties Manukau,2021-09-01,32
Counties Manukau,2021-09-02,17
Counties Manukau,2021-09-03,8
Counties Manukau,2021-09-04,16
Counties Manukau,2021-09-05,8
Counties Manukau,2021-09-06,19
Counties Manukau,2021-09-07,9
Counties Manukau,2021-09-08,3
Counties Manukau,2021-09-09,9
Counties Manukau,2021-09-10,20
Counties Manukau,2021-09-11,15
Counties Manukau,2021-09-12,36
Counties Manukau,2021-09-13,12
Counties Manukau,2021-09-14,7
Counties Manukau,2021-09-15,15
Counties Manukau,2021-09-16,9
Counties Manukau,2021-09-17,15
Counties Manukau,2021-09-18,21
Counties Manukau,2021-09-19,19
Counties Manukau,2021-09-20,8
Counties Manukau,2021-09-21,18
Counties Manukau,2021-09-22,9
Counties Manukau,2021-09-23,11
Counties Manukau,2021-09-24,8
Counties Manukau,2021-09-25,13
Counties Manukau,2021-09-26,12
Counties Manukau,2021-09-27,4
Counties Manukau,2021-09-28,30
Counties Manukau,2021-09-29,18
Counties Manukau,2021-09-30,12
Counties Manukau,2021-10-01,17
Counties Manukau,2021-10-02,12
Counties Manukau,2021-10-03,8
Counties Manukau,2021-10-04,13
Counties Manukau,2021-10-05,15
Counties Manukau,2021-10-06,14
Counties Manukau,2021-10-07,16
Counties Manukau,2021-10-08,22
Counties Manukau,2021-10-09,26
Counties Manukau,2021-10-10,21
Counties Manukau,2021-10-11,14
Counties Manukau,2021-10-12,19
Counties Manukau,2021-10-13,31
Counties Manukau,2021-10-14,22
Counties Manukau,2021-10-15,12
Counties Manukau,2021-10-16,20
Counties Manukau,2021-10-17,23
Counties Manukau,2021-10-18,17
Counties Manukau,2021-10-19,30
Counties Manukau,2021-10-20,28
Counties Manukau,2021-10-21,44
Counties Manukau,2021-10-22,31
Counties Manukau,2021-10-23,32
Counties Manukau,2021-10-24,33
Counties Manukau,2021-10-25,27
Counties Manukau,2021-10-26,20
Counties Manukau,2021-10-27,42
Counties Manukau,2021-10-28,58
Counties Manukau,2021-10-29,36
Counties Manukau,2021-10-30,47
Counties Manukau,2021-10-31,49
Counties Manukau,2021-11-01,38
Counties Manukau,2021-11-02,44
Counties Manukau,2021-11-03,54
Counties Manukau,2021-11-04,75
Counties Manukau,2021-11-05,57
Counties Manukau,2021-11-06,58
Counties Manukau,2021-11-07,54
Counties Manukau,2021-11-08,37
Counties Manukau,2021-11-09,71
Counties Manukau,2021-11-10,84
Counties Manukau,2021-11-11,84
Counties Manukau,2021-11-12,79
Counties Manukau,2021-11-13,63
Counties Manukau,2021-11-14,97
Counties Manukau,2021-11-15,79
Counties Manukau,2021-11-16,87
Counties Manukau,2021-11-17,87
Counties Manukau,2021-11-18,90
Counties Manukau,2021-11-19,65
Counties Manukau,2021-11-20,120
Counties Manukau,2021-11-21,135
Counties Manukau,2021-11-22,94
Counties Manukau,2021-11-23,81
Counties Manukau,2021-11-24,93
Counties Manukau,2021-11-25,90
Counties Manukau,2021-11-26,64
Counties Manukau,2021-11-27,70
Counties Manukau,2021-11-28,88
Counties Manukau,2021-11-29,61
Counties Manukau,2021-11-30,70
Counties Manukau,2021-12-01,63
Counties Manukau,2021-12-02,45
Counties Manukau,2021-12-03,50
Counties Manukau,2021-12-04,41
Counties Manukau,2021-12-05,52
Counties Manukau,2021-12-06,30
Counties Manukau,2021-12-07,44
Counties Manukau,2021-12-08,54
Counties Manukau,2021-12-09,44
Counties Manukau,2021-12-10,43
Counties Manukau,2021-12-11,52
Counties Manukau,2021-12-12,33
Counties Manukau,2021-12-13,26
Counties Manukau,2021-12-14,26
Counties Manukau,2021-12-15,39
Counties Manukau,2021-12-16,25
Counties Manukau,2021-12-17,24
Counties Manukau,2021-12-18,39
Counties Manukau,2021-12-19,20
Counties Manukau,2021-12-20,10
Counties Manukau,2021-12-21,26
Counties Manukau,2021-12-22,41
Counties Manukau,2021-12-23,16
Counties Manukau,2021-12-24,41
Counties Manukau,2021-12-25,16
Counties Manukau,2021-12-26,10
Counties Manukau,2021-12-27,7
Counties Manukau,2021-12-28,22
Counties Manukau,2021-12-29,18
Counties Manukau,2021-12-30,14
Counties Manukau,2021-12-31,14
Counties Manukau,2022-01-01,19
Counties Manukau,2022-01-02,4
Counties Manukau,2022-01-03,3
Counties Manukau,2022-01-04,1
Counties Manukau,2022-01-05,4
Counties Manukau,2022-01-06,17
Counties Manukau,2022-01-07,7
Counties Manukau,2022-01-08,10
Counties Manukau,2022-01-09,4
Counties Manukau,2022-01-10,3
Counties Manukau,2022-01-11,3
Counties Manukau,2022-01-12,1
Counties Manukau,2022-01-13,1
Counties Manukau,2022-01-14,2
Counties Manukau,2022-01-15,3
Counties Manukau,2022-01-17,1
Counties Manukau,2022-01-18,5
Counties Manukau,2022-01-19,5
Counties Manukau,2022-01-20,9
Counties Manukau,2022-01-21,5
Counties Manukau,2022-01-22,8
Counties Manukau,2022-01-23,5
Counties Manukau,2022-01-24,3
Counties Manukau,2022-01-25,8
Counties Manukau,2022-01-26,22
Counties Manukau,2022-01-27,47
Counties Manukau,2022-01-28,35
Counties Manukau,2022-01-29,58
Counties Manukau,2022-01-30,41
Counties Manukau,2022-01-31,48
Counties Manukau,2022-02-01,58
Counties Manukau,2022-02-02,74
Counties Manukau,2022-02-03,65
Counties Manukau,2022-02-04,103
Counties Manukau,2022-02-05,78
Counties Manukau,2022-02-06,75
Counties Manukau,2022-02-07,103
Counties Manukau,2022-02-08,77
Counties Manukau,2022-02-09,213
Counties Manukau,2022-02-10,194
Counties Manukau,2022-02-11,261
Counties Manukau,2022-02-12,404
Counties Manukau,2022-02-13,321
Counties Manukau,2022-02-14,325
Counties Manukau,2022-02-15,529
Counties Manukau,2022-02-16,622
Counties Manukau,2022-02-17,1004
Counties Manukau,2022-02-18,1100
Counties Manukau,2022-02-19,1627
Counties Manukau,2022-02-20,1456
Counties Manukau,2022-02-21,2222
Counties Manukau,2022-02-22,2174
Counties Manukau,2022-02-23,1628
Counties Manukau,2022-02-24,2824
Counties Manukau,2022-02-25,3558
Counties Manukau,2022-02-26,2950
Counties Manukau,2022-02-27,3156
Counties Manukau,2022-02-28,4680
Counties Manukau,2022-03-01,6350
Counties Manukau,2022-03-02,6181
Counties Manukau,2022-03-03,6701
Counties Manukau,2022-03-04,4410
Counties Manukau,2022-03-05,3191
Counties Manukau,2022-03-06,3341
Counties Manukau,2022-03-07,4276
Counties Manukau,2022-03-08,3578
Counties Manukau,2022-03-09,2903
Counties Manukau,2022-03-10,2999
Counties Manukau,2022-03-11,2470
Counties Manukau,2022-03-12,1740
Counties Manukau,2022-03-13,1859
Counties Manukau,2022-03-14,2464
Counties Manukau,2022-03-15,2018
Counties Manukau,2022-03-16,1883
Counties Manukau,2022-03-17,1318
Counties Manukau,2022-03-18,1381
Counties Manukau,2022-03-19,1206
Hawke's Bay,2020-03-19,1
Hawke's Bay,2020-03-24,2
Hawke's Bay,2020-03-25,3
Hawke's Bay,2020-03-26,4
Hawke's Bay,2020-03-27,1
Hawke's Bay,2020-03-28,1
Hawke's Bay,2020-03-30,3
Hawke's Bay,2020-04-01,4
Hawke's Bay,2020-04-02,5
Hawke's Bay,2020-04-03,5
Hawke's Bay,2020-04-05,4
Hawke's Bay,2020-04-06,1
Hawke's Bay,2020-04-07,1
Hawke's Bay,2020-04-08,1
Hawke's Bay,2020-04-09,2
Hawke's Bay,2020-04-10,1
Hawke's Bay,2020-04-12,2
Hawke's Bay,2020-04-22,1
Hawke's Bay,2020-04-26,1
Hawke's Bay,2020-04-27,1
Hawke's Bay,2021-11-27,1
Hawke's Bay,2021-12-03,2
Hawke's Bay,2021-12-30,1
Hawke's Bay,2021-12-31,1
Hawke's Bay,2022-01-09,2
Hawke's Bay,2022-01-15,2
Hawke's Bay,2022-01-18,2
Hawke's Bay,2022-01-19,2
Hawke's Bay,2022-01-20,3
Hawke's Bay,2022-01-21,4
Hawke's Bay,2022-01-26,8
Hawke's Bay,2022-01-27,1
Hawke's Bay,2022-01-28,6
Hawke's Bay,2022-01-29,2
Hawke's Bay,2022-01-30,2
Hawke's Bay,2022-01-31,2
Hawke's Bay,2022-02-01,4
Hawke's Bay,2022-02-02,3
Hawke's Bay,2022-02-03,3
Hawke's Bay,2022-02-04,8
Hawke's Bay,2022-02-05,4
Hawke's Bay,2022-02-06,6
Hawke's Bay,2022-02-07,2
Hawke's Bay,2022-02-10,5
Hawke's Bay,2022-02-11,3
Hawke's Bay,2022-02-12,7
Hawke's Bay,2022-02-13,4
Hawke's Bay,2022-02-14,2
Hawke's Bay,2022-02-15,15
Hawke's Bay,2022-02-16,2
Hawke's Bay,2022-02-17,16
Hawke's Bay,2022-02-18,21
Hawke's Bay,2022-02-19,20
Hawke's Bay,2022-02-20,25
Hawke's Bay,2022-02-21,25
Hawke's Bay,2022-02-22,35
Hawke's Bay,2022-02-23,58
Hawke's Bay,2022-02-24,97
Hawke's Bay,2022-02-25,127
Hawke's Bay,2022-02-26,91
Hawke's Bay,2022-02-27,124
Hawke's Bay,2022-02-28,159
Hawke's Bay,2022-03-01,274
Hawke's Bay,2022-03-02,305
Hawke's Bay,2022-03-03,335
Hawke's Bay,2022-03-04,324
Hawke's Bay,2022-03-05,336
Hawke's Bay,2022-03-06,432
Hawke's Bay,2022-03-07,707
Hawke's Bay,2022-03-08,708
Hawke's Bay,2022-03-09,700
Hawke's Bay,2022-03-10,850
Hawke's Bay,2022-03-11,732
Hawke's Bay,2022-03-12,600
Hawke's Bay,2022-03-13,682
Hawke's Bay,2022-03-14,1110
Hawke's Bay,2022-03-15,1045
Hawke's Bay,2022-03-16,1100
Hawke's Bay,2022-03-17,838
Hawke's Bay,2022-03-18,983
Hawke's Bay,2022-03-19,801
Hutt Valley,2020-03-19,2
Hutt Valley,2020-03-22,1
Hutt Valley,2020-03-23,2
Hutt Valley,2020-03-25,1
Hutt Valley,2020-03-26,4
Hutt Valley,2020-03-27,3
Hutt Valley,2020-03-31,1
Hutt Valley,2020-04-02,4
Hutt Valley,2020-04-03,1
Hutt Valley,2020-04-05,1
Hutt Valley,2020-06-16,2
Hutt Valley,2020-11-07,1
Hutt Valley,2020-11-18,1
Hutt Valley,2021-11-30,1
Hutt Valley,2021-12-21,1
Hutt Valley,2022-01-08,1
Hutt Valley,2022-01-12,2
Hutt Valley,2022-01-18,1
Hutt Valley,2022-01-29,1
Hutt Valley,2022-01-31,1
Hutt Valley,2022-02-06,2
Hutt Valley,2022-02-07,1
Hutt Valley,2022-02-08,3
Hutt Valley,2022-02-09,4
Hutt Valley,2022-02-10,8
Hutt Valley,2022-02-11,10
Hutt Valley,2022-02-12,10
Hutt Valley,2022-02-13,11
Hutt Valley,2022-02-14,9
Hutt Valley,2022-02-15,17
Hutt Valley,2022-02-16,22
Hutt Valley,2022-02-17,25
Hutt Valley,2022-02-18,31
Hutt Valley,2022-02-19,24
Hutt Valley,2022-02-20,18
Hutt Valley,2022-02-21,41
Hutt Valley,2022-02-22,93
Hutt Valley,2022-02-23,137
Hutt Valley,2022-02-24,127
Hutt Valley,2022-02-25,132
Hutt Valley,2022-02-26,80
Hutt Valley,2022-02-27,191
Hutt Valley,2022-02-28,283
Hutt Valley,2022-03-01,428
Hutt Valley,2022-03-02,600
Hutt Valley,2022-03-03,595
Hutt Valley,2022-03-04,580
Hutt Valley,2022-03-05,618
Hutt Valley,2022-03-06,837
Hutt Valley,2022-03-07,1065
Hutt Valley,2022-03-08,1055
Hutt Valley,2022-03-09,1107
Hutt Valley,2022-03-10,1047
Hutt Valley,2022-03-11,951
Hutt Valley,2022-03-12,786
Hutt Valley,2022-03-13,751
Hutt Valley,2022-03-14,990
Hutt Valley,2022-03-15,784
Hutt Valley,2022-03-16,879
Hutt Valley,2022-03-17,552
Hutt Valley,2022-03-18,608
Hutt Valley,2022-03-19,526
Lakes,2020-03-17,1
Lakes,2020-03-20,1
Lakes,2020-03-23,1
Lakes,2020-03-24,1
Lakes,2020-03-25,3
Lakes,2020-03-26,1
Lakes,2020-03-28,1
Lakes,2020-03-30,2
Lakes,2020-04-04,1
Lakes,2020-04-10,1
Lakes,2020-04-12,2
Lakes,2020-04-17,1
Lakes,2021-11-12,1
Lakes,2021-11-13,4
Lakes,2021-11-14,2
Lakes,2021-11-15,1
Lakes,2021-11-16,6
Lakes,2021-11-17,2
Lakes,2021-11-19,5
Lakes,2021-11-22,3
Lakes,2021-11-24,1
Lakes,2021-11-25,1
Lakes,2021-12-01,2
Lakes,2021-12-02,1
Lakes,2021-12-03,1
Lakes,2021-12-07,1
Lakes,2021-12-08,1
Lakes,2021-12-09,1
Lakes,2021-12-11,1
Lakes,2021-12-13,1
Lakes,2021-12-14,1
Lakes,2021-12-15,1
Lakes,2021-12-16,1
Lakes,2021-12-17,2
Lakes,2021-12-21,4
Lakes,2021-12-22,4
Lakes,2021-12-23,5
Lakes,2021-12-24,7
Lakes,2021-12-25,4
Lakes,2021-12-26,3
Lakes,2021-12-28,4
Lakes,2021-12-29,1
Lakes,2021-12-30,4
Lakes,2021-12-31,3
Lakes,2022-01-01,1
Lakes,2022-01-02,1
Lakes,2022-01-03,4
Lakes,2022-01-05,1
Lakes,2022-01-06,2
Lakes,2022-01-07,1
Lakes,2022-01-08,1
Lakes,2022-01-09,1
Lakes,2022-01-10,1
Lakes,2022-01-11,4
Lakes,2022-01-12,1
Lakes,2022-01-13,7
Lakes,2022-01-14,7
Lakes,2022-01-15,2
Lakes,2022-01-16,7
Lakes,2022-01-17,6
Lakes,2022-01-18,13
Lakes,2022-01-19,9
Lakes,2022-01-20,4
Lakes,2022-01-21,6
Lakes,2022-01-22,6
Lakes,2022-01-23,1
Lakes,2022-01-24,2
Lakes,2022-01-25,5
Lakes,2022-01-26,7
Lakes,2022-01-27,7
Lakes,2022-01-28,6
Lakes,2022-01-29,8
Lakes,2022-01-30,3
Lakes,2022-01-31,1
Lakes,2022-02-01,2
Lakes,2022-02-02,9
Lakes,2022-02-03,15
Lakes,2022-02-04,2
Lakes,2022-02-05,2
Lakes,2022-02-06,9
Lakes,2022-02-07,4
Lakes,2022-02-08,2
Lakes,2022-02-09,6
Lakes,2022-02-10,14
Lakes,2022-02-11,7
Lakes,2022-02-12,12
Lakes,2022-02-13,8
Lakes,2022-02-14,9
Lakes,2022-02-15,6
Lakes,2022-02-16,27
Lakes,2022-02-17,12
Lakes,2022-02-18,11
Lakes,2022-02-19,7
Lakes,2022-02-20,61
Lakes,2022-02-21,101
Lakes,2022-02-22,105
Lakes,2022-02-23,64
Lakes,2022-02-24,135
Lakes,2022-02-25,161
Lakes,2022-02-26,151
Lakes,2022-02-27,241
Lakes,2022-02-28,331
Lakes,2022-03-01,419
Lakes,2022-03-02,530
Lakes,2022-03-03,483
Lakes,2022-03-04,456
Lakes,2022-03-05,434
Lakes,2022-03-06,474
Lakes,2022-03-07,661
Lakes,2022-03-08,632
Lakes,2022-03-09,631
Lakes,2022-03-10,508
Lakes,2022-03-11,494
Lakes,2022-03-12,391
Lakes,2022-03-13,456
Lakes,2022-03-14,638
Lakes,2022-03-15,584
Lakes,2022-03-16,624
Lakes,2022-03-17,415
Lakes,2022-03-18,462
Lakes,2022-03-19,407
Managed Isolation & Quarantine,2020-06-17,1
Managed Isolation & Quarantine,2020-06-19,2
Managed Isolation & Quarantine,2020-06-20,1
Managed Isolation & Quarantine,2020-06-21,3
Managed Isolation & Quarantine,2020-06-22,2
Managed Isolation & Quarantine,2020-06-23,1
Managed Isolation & Quarantine,2020-06-24,3
Managed Isolation & Quarantine,2020-06-25,1
Managed Isolation & Quarantine,2020-06-26,1
Managed Isolation & Quarantine,2020-06-27,5
Managed Isolation & Quarantine,2020-06-28,1
Managed Isolation & Quarantine,2020-06-29,1
Managed Isolation & Quarantine,2020-07-01,1
Managed Isolation & Quarantine,2020-07-02,1
Managed Isolation & Quarantine,2020-07-05,3
Managed Isolation & Quarantine,2020-07-06,3
Managed Isolation & Quarantine,2020-07-07,2
Managed Isolation & Quarantine,2020-07-08,2
Managed Isolation & Quarantine,2020-07-09,3
Managed Isolation & Quarantine,2020-07-11,1
Managed Isolation & Quarantine,2020-07-13,1
Managed Isolation & Quarantine,2020-07-14,3
Managed Isolation & Quarantine,2020-07-16,1
Managed Isolation & Quarantine,2020-07-17,2
Managed Isolation & Quarantine,2020-07-18,2
Managed Isolation & Quarantine,2020-07-19,1
Managed Isolation & Quarantine,2020-07-20,1
Managed Isolation & Quarantine,2020-07-24,1
Managed Isolation & Quarantine,2020-07-27,2
Managed Isolation & Quarantine,2020-07-28,1
Managed Isolation & Quarantine,2020-07-29,1
Managed Isolation & Quarantine,2020-07-31,2
Managed Isolation & Quarantine,2020-08-01,2
Managed Isolation & Quarantine,2020-08-02,3
Managed Isolation & Quarantine,2020-08-04,2
Managed Isolation & Quarantine,2020-08-11,1
Managed Isolation & Quarantine,2020-08-12,2
Managed Isolation & Quarantine,2020-08-15,1
Managed Isolation & Quarantine,2020-08-18,1
Managed Isolation & Quarantine,2020-08-20,2
Managed Isolation & Quarantine,2020-08-22,2
Managed Isolation & Quarantine,2020-08-23,1
Managed Isolation & Quarantine,2020-08-25,1
Managed Isolation & Quarantine,2020-08-26,2
Managed Isolation & Quarantine,2020-08-28,9
Managed Isolation & Quarantine,2020-08-30,1
Managed Isolation & Quarantine,2020-08-31,12
Managed Isolation & Quarantine,2020-09-01,2
Managed Isolation & Quarantine,2020-09-02,1
Managed Isolation & Quarantine,2020-09-03,1
Managed Isolation & Quarantine,2020-09-04,3
Managed Isolation & Quarantine,2020-09-05,2
Managed Isolation & Quarantine,2020-09-06,1
Managed Isolation & Quarantine,2020-09-07,2
Managed Isolation & Quarantine,2020-09-09,2
Managed Isolation & Quarantine,2020-09-12,1
Managed Isolation & Quarantine,2020-09-14,4
Managed Isolation & Quarantine,2020-09-16,7
Managed Isolation & Quarantine,2020-09-18,2
Managed Isolation & Quarantine,2020-09-19,1
Managed Isolation & Quarantine,2020-09-23,3
Managed Isolation & Quarantine,2020-09-24,1
Managed Isolation & Quarantine,2020-09-25,1
Managed Isolation & Quarantine,2020-09-26,2
Managed Isolation & Quarantine,2020-09-27,2
Managed Isolation & Quarantine,2020-09-28,1
Managed Isolation & Quarantine,2020-09-30,6
Managed Isolation & Quarantine,2020-10-01,6
Managed Isolation & Quarantine,2020-10-02,1
Managed Isolation & Quarantine,2020-10-03,4
Managed Isolation & Quarantine,2020-10-04,2
Managed Isolation & Quarantine,2020-10-05,3
Managed Isolation & Quarantine,2020-10-06,2
Managed Isolation & Quarantine,2020-10-07,3
Managed Isolation & Quarantine,2020-10-08,3
Managed Isolation & Quarantine,2020-10-09,4
Managed Isolation & Quarantine,2020-10-11,3
Managed Isolation & Quarantine,2020-10-12,1
Managed Isolation & Quarantine,2020-10-13,2
Managed Isolation & Quarantine,2020-10-14,1
Managed Isolation & Quarantine,2020-10-15,5
Managed Isolation & Quarantine,2020-10-16,1
Managed Isolation & Quarantine,2020-10-17,3
Managed Isolation & Quarantine,2020-10-18,1
Managed Isolation & Quarantine,2020-10-19,1
Managed Isolation & Quarantine,2020-10-20,22
Managed Isolation & Quarantine,2020-10-21,2
Managed Isolation & Quarantine,2020-10-22,2
Managed Isolation & Quarantine,2020-10-23,18
Managed Isolation & Quarantine,2020-10-25,4
Managed Isolation & Quarantine,2020-10-26,1
Managed Isolation & Quarantine,2020-10-27,3
Managed Isolation & Quarantine,2020-10-28,6
Managed Isolation & Quarantine,2020-10-29,1
Managed Isolation & Quarantine,2020-10-30,6
Managed Isolation & Quarantine,2020-10-31,5
Managed Isolation & Quarantine,2020-11-01,3
Managed Isolation & Quarantine,2020-11-02,4
Managed Isolation & Quarantine,2020-11-04,3
Managed Isolation & Quarantine,2020-11-05,1
Managed Isolation & Quarantine,2020-11-07,5
Managed Isolation & Quarantine,2020-11-08,1
Managed Isolation & Quarantine,2020-11-09,4
Managed Isolation & Quarantine,2020-11-10,1
Managed Isolation & Quarantine,2020-11-11,2
Managed Isolation & Quarantine,2020-11-12,3
Managed Isolation & Quarantine,2020-11-13,3
Managed Isolation & Quarantine,2020-11-14,2
Managed Isolation & Quarantine,2020-11-15,1
Managed Isolation & Quarantine,2020-11-16,3
Managed Isolation & Quarantine,2020-11-17,1
Managed Isolation & Quarantine,2020-11-18,7
Managed Isolation & Quarantine,2020-11-19,1
Managed Isolation & Quarantine,2020-11-20,4
Managed Isolation & Quarantine,2020-11-21,6
Managed Isolation & Quarantine,2020-11-22,2
Managed Isolation & Quarantine,2020-11-23,10
Managed Isolation & Quarantine,2020-11-24,3
Managed Isolation & Quarantine,2020-11-25,1
Managed Isolation & Quarantine,2020-11-26,7
Managed Isolation & Quarantine,2020-11-27,3
Managed Isolation & Quarantine,2020-11-28,4
Managed Isolation & Quarantine,2020-11-29,3
Managed Isolation & Quarantine,2020-11-30,6
Managed Isolation & Quarantine,2020-12-01,3
Managed Isolation & Quarantine,2020-12-02,2
Managed Isolation & Quarantine,2020-12-03,3
Managed Isolation & Quarantine,2020-12-04,9
Managed Isolation & Quarantine,2020-12-06,2
Managed Isolation & Quarantine,2020-12-07,6
Managed Isolation & Quarantine,2020-12-08,2
Managed Isolation & Quarantine,2020-12-09,2
Managed Isolation & Quarantine,2020-12-10,3
Managed Isolation & Quarantine,2020-12-11,1
Managed Isolation & Quarantine,2020-12-12,5
Managed Isolation & Quarantine,2020-12-14,4
Managed Isolation & Quarantine,2020-12-16,4
Managed Isolation & Quarantine,2020-12-17,4
Managed Isolation & Quarantine,2020-12-18,2
Managed Isolation & Quarantine,2020-12-19,7
Managed Isolation & Quarantine,2020-12-20,4
Managed Isolation & Quarantine,2020-12-21,5
Managed Isolation & Quarantine,2020-12-22,2
Managed Isolation & Quarantine,2020-12-23,3
Managed Isolation & Quarantine,2020-12-24,6
Managed Isolation & Quarantine,2020-12-25,2
Managed Isolation & Quarantine,2020-12-26,3
Managed Isolation & Quarantine,2020-12-27,3
Managed Isolation & Quarantine,2020-12-28,6
Managed Isolation & Quarantine,2020-12-29,4
Managed Isolation & Quarantine,2020-12-30,7
Managed Isolation & Quarantine,2020-12-31,3
Managed Isolation & Quarantine,2021-01-01,6
Managed Isolation & Quarantine,2021-01-02,8
Managed Isolation & Quarantine,2021-01-03,3
Managed Isolation & Quarantine,2021-01-04,1
Managed Isolation & Quarantine,2021-01-05,2
Managed Isolation & Quarantine,2021-01-06,2
Managed Isolation & Quarantine,2021-01-07,18
Managed Isolation & Quarantine,2021-01-08,4
Managed Isolation & Quarantine,2021-01-09,8
Managed Isolation & Quarantine,2021-01-10,9
Managed Isolation & Quarantine,2021-01-11,6
Managed Isolation & Quarantine,2021-01-12,2
Managed Isolation & Quarantine,2021-01-13,8
Managed Isolation & Quarantine,2021-01-14,6
Managed Isolation & Quarantine,2021-01-15,6
Managed Isolation & Quarantine,2021-01-16,5
Managed Isolation & Quarantine,2021-01-17,2
Managed Isolation & Quarantine,2021-01-18,2
Managed Isolation & Quarantine,2021-01-19,2
Managed Isolation & Quarantine,2021-01-20,4
Managed Isolation & Quarantine,2021-01-21,4
Managed Isolation & Quarantine,2021-01-22,3
Managed Isolation & Quarantine,2021-01-23,6
Managed Isolation & Quarantine,2021-01-24,6
Managed Isolation & Quarantine,2021-01-25,2
Managed Isolation & Quarantine,2021-01-26,1
Managed Isolation & Quarantine,2021-01-27,4
Managed Isolation & Quarantine,2021-01-28,5
Managed Isolation & Quarantine,2021-01-29,2
Managed Isolation & Quarantine,2021-02-01,1
Managed Isolation & Quarantine,2021-02-02,4
Managed Isolation & Quarantine,2021-02-03,3
Managed Isolation & Quarantine,2021-02-04,3
Managed Isolation & Quarantine,2021-02-05,2
Managed Isolation & Quarantine,2021-02-06,2
Managed Isolation & Quarantine,2021-02-08,1
Managed Isolation & Quarantine,2021-02-09,2
Managed Isolation & Quarantine,2021-02-10,2
Managed Isolation & Quarantine,2021-02-11,1
Managed Isolation & Quarantine,2021-02-12,4
Managed Isolation & Quarantine,2021-02-14,4
Managed Isolation & Quarantine,2021-02-15,1
Managed Isolation & Quarantine,2021-02-16,1
Managed Isolation & Quarantine,2021-02-17,3
Managed Isolation & Quarantine,2021-02-19,6
Managed Isolation & Quarantine,2021-02-20,2
Managed Isolation & Quarantine,2021-02-22,5
Managed Isolation & Quarantine,2021-02-23,4
Managed Isolation & Quarantine,2021-02-24,2
Managed Isolation & Quarantine,2021-02-25,1
Managed Isolation & Quarantine,2021-02-27,2
Managed Isolation & Quarantine,2021-02-28,2
Managed Isolation & Quarantine,2021-03-01,4
Managed Isolation & Quarantine,2021-03-02,1
Managed Isolation & Quarantine,2021-03-03,6
Managed Isolation & Quarantine,2021-03-05,9
Managed Isolation & Quarantine,2021-03-06,1
Managed Isolation & Quarantine,2021-03-07,7
Managed Isolation & Quarantine,2021-03-08,3
Managed Isolation & Quarantine,2021-03-09,1
Managed Isolation & Quarantine,2021-03-10,8
Managed Isolation & Quarantine,2021-03-11,1
Managed Isolation & Quarantine,2021-03-12,3
Managed Isolation & Quarantine,2021-03-13,1
Managed Isolation & Quarantine,2021-03-14,7
Managed Isolation & Quarantine,2021-03-15,1
Managed Isolation & Quarantine,2021-03-16,2
Managed Isolation & Quarantine,2021-03-17,7
Managed Isolation & Quarantine,2021-03-18,1
Managed Isolation & Quarantine,2021-03-19,5
Managed Isolation & Quarantine,2021-03-20,5
Managed Isolation & Quarantine,2021-03-21,5
Managed Isolation & Quarantine,2021-03-22,7
Managed Isolation & Quarantine,2021-03-23,3
Managed Isolation & Quarantine,2021-03-24,5
Managed Isolation & Quarantine,2021-03-25,3
Managed Isolation & Quarantine,2021-03-26,1
Managed Isolation & Quarantine,2021-03-27,2
Managed Isolation & Quarantine,2021-03-28,10
Managed Isolation & Quarantine,2021-03-29,2
Managed Isolation & Quarantine,2021-03-30,2
Managed Isolation & Quarantine,2021-03-31,5
Managed Isolation & Quarantine,2021-04-02,4
Managed Isolation & Quarantine,2021-04-03,1
Managed Isolation & Quarantine,2021-04-04,7
Managed Isolation & Quarantine,2021-04-05,10
Managed Isolation & Quarantine,2021-04-06,7
Managed Isolation & Quarantine,2021-04-07,19
Managed Isolation & Quarantine,2021-04-08,5
Managed Isolation & Quarantine,2021-04-09,8
Managed Isolation & Quarantine,2021-04-10,5
Managed Isolation & Quarantine,2021-04-11,8
Managed Isolation & Quarantine,2021-04-12,4
Managed Isolation & Quarantine,2021-04-13,1
Managed Isolation & Quarantine,2021-04-14,2
Managed Isolation & Quarantine,2021-04-15,3
Managed Isolation & Quarantine,2021-04-16,2
Managed Isolation & Quarantine,2021-04-17,2
Managed Isolation & Quarantine,2021-04-18,2
Managed Isolation & Quarantine,2021-04-20,1
Managed Isolation & Quarantine,2021-04-21,4
Managed Isolation & Quarantine,2021-04-23,2
Managed Isolation & Quarantine,2021-04-25,4
Managed Isolation & Quarantine,2021-04-26,4
Managed Isolation & Quarantine,2021-04-27,2
Managed Isolation & Quarantine,2021-04-28,2
Managed Isolation & Quarantine,2021-04-29,1
Managed Isolation & Quarantine,2021-04-30,4
Managed Isolation & Quarantine,2021-05-01,3
Managed Isolation & Quarantine,2021-05-02,4
Managed Isolation & Quarantine,2021-05-03,1
Managed Isolation & Quarantine,2021-05-04,4
Managed Isolation & Quarantine,2021-05-05,1
Managed Isolation & Quarantine,2021-05-06,5
Managed Isolation & Quarantine,2021-05-07,3
Managed Isolation & Quarantine,2021-05-08,1
Managed Isolation & Quarantine,2021-05-09,1
Managed Isolation & Quarantine,2021-05-11,1
Managed Isolation & Quarantine,2021-05-12,1
Managed Isolation & Quarantine,2021-05-15,1
Managed Isolation & Quarantine,2021-05-16,5
Managed Isolation & Quarantine,2021-05-17,1
Managed Isolation & Quarantine,2021-05-18,6
Managed Isolation & Quarantine,2021-05-19,1
Managed Isolation & Quarantine,2021-05-20,1
Managed Isolation & Quarantine,2021-05-21,3
Managed Isolation & Quarantine,2021-05-23,4
Managed Isolation & Quarantine,2021-05-24,2
Managed Isolation & Quarantine,2021-05-25,1
Managed Isolation & Quarantine,2021-05-27,1
Managed Isolation & Quarantine,2021-05-29,1
Managed Isolation & Quarantine,2021-05-30,2
Managed Isolation & Quarantine,2021-06-01,5
Managed Isolation & Quarantine,2021-06-02,2
Managed Isolation & Quarantine,2021-06-03,1
Managed Isolation & Quarantine,2021-06-04,2
Managed Isolation & Quarantine,2021-06-06,3
Managed Isolation & Quarantine,2021-06-07,4
Managed Isolation & Quarantine,2021-06-08,6
Managed Isolation & Quarantine,2021-06-09,1
Managed Isolation & Quarantine,2021-06-10,5
Managed Isolation & Quarantine,2021-06-11,4
Managed Isolation & Quarantine,2021-06-12,3
Managed Isolation & Quarantine,2021-06-14,1
Managed Isolation & Quarantine,2021-06-16,2
Managed Isolation & Quarantine,2021-06-17,1
Managed Isolation & Quarantine,2021-06-18,2
Managed Isolation & Quarantine,2021-06-19,2
Managed Isolation & Quarantine,2021-06-20,2
Managed Isolation & Quarantine,2021-06-22,4
Managed Isolation & Quarantine,2021-06-23,1
Managed Isolation & Quarantine,2021-06-24,2
Managed Isolation & Quarantine,2021-06-25,3
Managed Isolation & Quarantine,2021-06-26,3
Managed Isolation & Quarantine,2021-06-27,6
Managed Isolation & Quarantine,2021-06-28,5
Managed Isolation & Quarantine,2021-06-29,1
Managed Isolation & Quarantine,2021-06-30,1
Managed Isolation & Quarantine,2021-07-01,3
Managed Isolation & Quarantine,2021-07-02,3
Managed Isolation & Quarantine,2021-07-03,3
Managed Isolation & Quarantine,2021-07-04,9
Managed Isolation & Quarantine,2021-07-05,1
Managed Isolation & Quarantine,2021-07-06,5
Managed Isolation & Quarantine,2021-07-07,2
Managed Isolation & Quarantine,2021-07-10,3
Managed Isolation & Quarantine,2021-07-11,3
Managed Isolation & Quarantine,2021-07-12,15
Managed Isolation & Quarantine,2021-07-14,22
Managed Isolation & Quarantine,2021-07-15,2
Managed Isolation & Quarantine,2021-07-16,6
Managed Isolation & Quarantine,2021-07-17,4
Managed Isolation & Quarantine,2021-07-18,3
Managed Isolation & Quarantine,2021-07-19,6
Managed Isolation & Quarantine,2021-07-20,8
Managed Isolation & Quarantine,2021-07-21,6
Managed Isolation & Quarantine,2021-07-22,5
Managed Isolation & Quarantine,2021-07-23,3
Managed Isolation & Quarantine,2021-07-24,1
Managed Isolation & Quarantine,2021-07-26,2
Managed Isolation & Quarantine,2021-07-27,1
Managed Isolation & Quarantine,2021-07-28,6
Managed Isolation & Quarantine,2021-07-30,4
Managed Isolation & Quarantine,2021-08-01,4
Managed Isolation & Quarantine,2021-08-02,2
Managed Isolation & Quarantine,2021-08-03,2
Managed Isolation & Quarantine,2021-08-05,1
Managed Isolation & Quarantine,2021-08-06,2
Managed Isolation & Quarantine,2021-08-07,4
Managed Isolation & Quarantine,2021-08-08,12
Managed Isolation & Quarantine,2021-08-09,3
Managed Isolation & Quarantine,2021-08-10,3
Managed Isolation & Quarantine,2021-08-11,8
Managed Isolation & Quarantine,2021-08-13,3
Managed Isolation & Quarantine,2021-08-14,3
Managed Isolation & Quarantine,2021-08-15,4
Managed Isolation & Quarantine,2021-08-17,7
Managed Isolation & Quarantine,2021-08-18,7
Managed Isolation & Quarantine,2021-08-19,4
Managed Isolation & Quarantine,2021-08-20,2
Managed Isolation & Quarantine,2021-08-21,4
Managed Isolation & Quarantine,2021-08-22,3
Managed Isolation & Quarantine,2021-08-23,2
Managed Isolation & Quarantine,2021-08-24,2
Managed Isolation & Quarantine,2021-08-25,1
Managed Isolation & Quarantine,2021-08-26,2
Managed Isolation & Quarantine,2021-08-27,1
Managed Isolation & Quarantine,2021-08-29,2
Managed Isolation & Quarantine,2021-09-01,4
Managed Isolation & Quarantine,2021-09-02,1
Managed Isolation & Quarantine,2021-09-03,2
Managed Isolation & Quarantine,2021-09-04,3
Managed Isolation & Quarantine,2021-09-05,4
Managed Isolation & Quarantine,2021-09-06,1
Managed Isolation & Quarantine,2021-09-07,1
Managed Isolation & Quarantine,2021-09-08,8
Managed Isolation & Quarantine,2021-09-09,3
Managed Isolation & Quarantine,2021-09-10,3
Managed Isolation & Quarantine,2021-09-11,3
Managed Isolation & Quarantine,2021-09-12,2
Managed Isolation & Quarantine,2021-09-13,3
Managed Isolation & Quarantine,2021-09-14,1
Managed Isolation & Quarantine,2021-09-15,4
Managed Isolation & Quarantine,2021-09-16,4
Managed Isolation & Quarantine,2021-09-17,2
Managed Isolation & Quarantine,2021-09-18,1
Managed Isolation & Quarantine,2021-09-19,1
Managed Isolation & Quarantine,2021-09-21,1
Managed Isolation & Quarantine,2021-09-22,2
Managed Isolation & Quarantine,2021-09-23,1
Managed Isolation & Quarantine,2021-09-24,1
Managed Isolation & Quarantine,2021-09-25,1
Managed Isolation & Quarantine,2021-09-26,2
Managed Isolation & Quarantine,2021-09-27,2
Managed Isolation & Quarantine,2021-09-29,4
Managed Isolation & Quarantine,2021-10-03,2
Managed Isolation & Quarantine,2021-10-04,1
Managed Isolation & Quarantine,2021-10-05,2
Managed Isolation & Quarantine,2021-10-06,2
Managed Isolation & Quarantine,2021-10-07,2
Managed Isolation & Quarantine,2021-10-09,1
Managed Isolation & Quarantine,2021-10-11,1
Managed Isolation & Quarantine,2021-10-12,2
Managed Isolation & Quarantine,2021-10-13,1
Managed Isolation & Quarantine,2021-10-16,1
Managed Isolation & Quarantine,2021-10-17,7
Managed Isolation & Quarantine,2021-10-18,5
Managed Isolation & Quarantine,2021-10-19,2
Managed Isolation & Quarantine,2021-10-20,4
Managed Isolation & Quarantine,2021-10-22,6
Managed Isolation & Quarantine,2021-10-23,2
Managed Isolation & Quarantine,2021-10-25,1
Managed Isolation & Quarantine,2021-10-26,2
Managed Isolation & Quarantine,2021-10-27,6
Managed Isolation & Quarantine,2021-10-28,3
Managed Isolation & Quarantine,2021-10-29,3
Managed Isolation & Quarantine,2021-10-30,3
Managed Isolation & Quarantine,2021-10-31,2
Managed Isolation & Quarantine,2021-11-01,5
Managed Isolation & Quarantine,2021-11-02,5
Managed Isolation & Quarantine,2021-11-03,3
Managed Isolation & Quarantine,2021-11-04,2
Managed Isolation & Quarantine,2021-11-05,2
Managed Isolation & Quarantine,2021-11-06,2
Managed Isolation & Quarantine,2021-11-07,2
Managed Isolation & Quarantine,2021-11-08,3
Managed Isolation & Quarantine,2021-11-09,1
Managed Isolation & Quarantine,2021-11-11,2
Managed Isolation & Quarantine,2021-11-12,2
Managed Isolation & Quarantine,2021-11-13,1
Managed Isolation & Quarantine,2021-11-17,1
Managed Isolation & Quarantine,2021-11-19,3
Managed Isolation & Quarantine,2021-11-20,2
Managed Isolation & Quarantine,2021-11-21,1
Managed Isolation & Quarantine,2021-11-22,4
Managed Isolation & Quarantine,2021-11-23,1
Managed Isolation & Quarantine,2021-11-24,7
Managed Isolation & Quarantine,2021-11-25,3
Managed Isolation & Quarantine,2021-11-26,7
Managed Isolation & Quarantine,2021-11-27,1
Managed Isolation & Quarantine,2021-11-28,3
Managed Isolation & Quarantine,2021-11-29,3
Managed Isolation & Quarantine,2021-11-30,1
Managed Isolation & Quarantine,2021-12-01,2
Managed Isolation & Quarantine,2021-12-02,3
Managed Isolation & Quarantine,2021-12-03,3
Managed Isolation & Quarantine,2021-12-04,2
Managed Isolation & Quarantine,2021-12-05,1
Managed Isolation & Quarantine,2021-12-06,1
Managed Isolation & Quarantine,2021-12-07,2
Managed Isolation & Quarantine,2021-12-08,1
Managed Isolation & Quarantine,2021-12-09,2
Managed Isolation & Quarantine,2021-12-10,2
Managed Isolation & Quarantine,2021-12-11,2
Managed Isolation & Quarantine,2021-12-13,1
Managed Isolation & Quarantine,2021-12-14,2
Managed Isolation & Quarantine,2021-12-15,4
Managed Isolation & Quarantine,2021-12-16,4
Managed Isolation & Quarantine,2021-12-17,9
Managed Isolation & Quarantine,2021-12-18,5
Managed Isolation & Quarantine,2021-12-19,2
Managed Isolation & Quarantine,2021-12-20,10
Managed Isolation & Quarantine,2021-12-21,3
Managed Isolation & Quarantine,2021-12-22,8
Managed Isolation & Quarantine,2021-12-23,5
Managed Isolation & Quarantine,2021-12-24,6
Managed Isolation & Quarantine,2021-12-25,3
Managed Isolation & Quarantine,2021-12-26,12
Managed Isolation & Quarantine,2021-12-27,13
Managed Isolation & Quarantine,2021-12-28,10
Managed Isolation & Quarantine,2021-12-29,10
Managed Isolation & Quarantine,2021-12-30,13
Managed Isolation & Quarantine,2021-12-31,18
Managed Isolation & Quarantine,2022-01-01,19
Managed Isolation & Quarantine,2022-01-02,31
Managed Isolation & Quarantine,2022-01-03,19
Managed Isolation & Quarantine,2022-01-04,24
Managed Isolation & Quarantine,2022-01-05,41
Managed Isolation & Quarantine,2022-01-06,26
Managed Isolation & Quarantine,2022-01-07,31
Managed Isolation & Quarantine,2022-01-08,31
Managed Isolation & Quarantine,2022-01-09,29
Managed Isolation & Quarantine,2022-01-10,35
Managed Isolation & Quarantine,2022-01-11,43
Managed Isolation & Quarantine,2022-01-12,29
Managed Isolation & Quarantine,2022-01-13,26
Managed Isolation & Quarantine,2022-01-14,29
Managed Isolation & Quarantine,2022-01-15,63
Managed Isolation & Quarantine,2022-01-16,21
Managed Isolation & Quarantine,2022-01-17,66
Managed Isolation & Quarantine,2022-01-18,28
Managed Isolation & Quarantine,2022-01-19,32
Managed Isolation & Quarantine,2022-01-20,48
Managed Isolation & Quarantine,2022-01-21,38
Managed Isolation & Quarantine,2022-01-22,46
Managed Isolation & Quarantine,2022-01-23,57
Managed Isolation & Quarantine,2022-01-24,39
Managed Isolation & Quarantine,2022-01-25,31
Managed Isolation & Quarantine,2022-01-26,61
Managed Isolation & Quarantine,2022-01-27,49
Managed Isolation & Quarantine,2022-01-28,64
Managed Isolation & Quarantine,2022-01-29,46
Managed Isolation & Quarantine,2022-01-30,43
Managed Isolation & Quarantine,2022-01-31,62
Managed Isolation & Quarantine,2022-02-01,51
Managed Isolation & Quarantine,2022-02-02,50
Managed Isolation & Quarantine,2022-02-03,45
Managed Isolation & Quarantine,2022-02-04,48
Managed Isolation & Quarantine,2022-02-05,33
Managed Isolation & Quarantine,2022-02-06,22
Managed Isolation & Quarantine,2022-02-07,64
Managed Isolation & Quarantine,2022-02-08,26
Managed Isolation & Quarantine,2022-02-09,30
Managed Isolation & Quarantine,2022-02-10,21
Managed Isolation & Quarantine,2022-02-11,19
Managed Isolation & Quarantine,2022-02-12,17
Managed Isolation & Quarantine,2022-02-13,12
Managed Isolation & Quarantine,2022-02-14,11
Managed Isolation & Quarantine,2022-02-15,28
Managed Isolation & Quarantine,2022-02-16,4
Managed Isolation & Quarantine,2022-02-17,12
Managed Isolation & Quarantine,2022-02-18,10
Managed Isolation & Quarantine,2022-02-19,23
Managed Isolation & Quarantine,2022-02-20,12
Managed Isolation & Quarantine,2022-02-21,19
Managed Isolation & Quarantine,2022-02-22,27
Managed Isolation & Quarantine,2022-02-23,12
Managed Isolation & Quarantine,2022-02-24,3
Managed Isolation & Quarantine,2022-02-25,5
Managed Isolation & Quarantine,2022-02-26,10
Managed Isolation & Quarantine,2022-02-27,9
Managed Isolation & Quarantine,2022-02-28,8
Managed Isolation & Quarantine,2022-03-01,7
Managed Isolation & Quarantine,2022-03-02,9
Managed Isolation & Quarantine,2022-03-03,8
Managed Isolation & Quarantine,2022-03-04,7
Managed Isolation & Quarantine,2022-03-05,4
Managed Isolation & Quarantine,2022-03-06,10
Managed Isolation & Quarantine,2022-03-07,19
Managed Isolation & Quarantine,2022-03-08,12
Managed Isolation & Quarantine,2022-03-09,16
Managed Isolation & Quarantine,2022-03-10,22
Managed Isolation & Quarantine,2022-03-11,15
Managed Isolation & Quarantine,2022-03-12,19
Managed Isolation & Quarantine,2022-03-13,22
Managed Isolation & Quarantine,2022-03-14,17
Managed Isolation & Quarantine,2022-03-15,38
Managed Isolation & Quarantine,2022-03-16,26
Managed Isolation & Quarantine,2022-03-17,19
Managed Isolation & Quarantine,2022-03-18,38
Managed Isolation & Quarantine,2022-03-19,33
MidCentral,2020-03-19,3
MidCentral,2020-03-21,1
MidCentral,2020-03-23,1
MidCentral,2020-03-24,1
MidCentral,2020-03-25,2
MidCentral,2020-03-27,2
MidCentral,2020-03-28,1
MidCentral,2020-03-29,2
MidCentral,2020-03-30,1
MidCentral,2020-03-31,4
MidCentral,2020-04-01,1
MidCentral,2020-04-02,1
MidCentral,2020-04-04,3
MidCentral,2020-04-05,3
MidCentral,2020-04-06,2
MidCentral,2020-04-15,1
MidCentral,2020-04-17,2
MidCentral,2020-05-09,1
MidCentral,2021-04-10,1
MidCentral,2021-11-13,2
MidCentral,2021-11-17,1
MidCentral,2021-11-21,1
MidCentral,2021-11-24,1
MidCentral,2021-11-30,1
MidCentral,2022-01-19,1
MidCentral,2022-01-23,1
MidCentral,2022-01-24,1
MidCentral,2022-01-27,1
MidCentral,2022-01-29,1
MidCentral,2022-02-03,1
MidCentral,2022-02-06,1
MidCentral,2022-02-07,2
MidCentral,2022-02-09,2
MidCentral,2022-02-12,3
MidCentral,2022-02-13,6
MidCentral,2022-02-14,5
MidCentral,2022-02-15,4
MidCentral,2022-02-16,4
MidCentral,2022-02-17,10
MidCentral,2022-02-18,12
MidCentral,2022-02-19,14
MidCentral,2022-02-20,12
MidCentral,2022-02-21,28
MidCentral,2022-02-22,66
MidCentral,2022-02-23,82
MidCentral,2022-02-24,151
MidCentral,2022-02-25,134
MidCentral,2022-02-26,108
MidCentral,2022-02-27,154
MidCentral,2022-02-28,256
MidCentral,2022-03-01,355
MidCentral,2022-03-02,392
MidCentral,2022-03-03,374
MidCentral,2022-03-04,421
MidCentral,2022-03-05,379
MidCentral,2022-03-06,396
MidCentral,2022-03-07,632
MidCentral,2022-03-08,652
MidCentral,2022-03-09,651
MidCentral,2022-03-10,685
MidCentral,2022-03-11,665
MidCentral,2022-03-12,471
MidCentral,2022-03-13,528
MidCentral,2022-03-14,885
MidCentral,2022-03-15,802
MidCentral,2022-03-16,821
MidCentral,2022-03-17,595
MidCentral,2022-03-18,728
MidCentral,2022-03-19,657
Nelson Marlborough,2020-03-20,2
Nelson Marlborough,2020-03-21,2
Nelson Marlborough,2020-03-22,5
Nelson Marlborough,2020-03-23,2
Nelson Marlborough,2020-03-24,4
Nelson Marlborough,2020-03-25,4
Nelson Marlborough,2020-03-28,1
Nelson Marlborough,2020-03-29,1
Nelson Marlborough,2020-03-30,2
Nelson Marlborough,2020-03-31,2
Nelson Marlborough,2020-04-01,4
Nelson Marlborough,2020-04-02,3
Nelson Marlborough,2020-04-03,2
Nelson Marlborough,2020-04-04,5
Nelson Marlborough,2020-04-05,5
Nelson Marlborough,2020-04-06,2
Nelson Marlborough,2020-04-07,2
Nelson Marlborough,2020-04-29,1
Nelson Marlborough,2021-10-22,1
Nelson Marlborough,2021-11-29,2
Nelson Marlborough,2021-11-30,2
Nelson Marlborough,2021-12-01,9
Nelson Marlborough,2021-12-02,1
Nelson Marlborough,2021-12-03,1
Nelson Marlborough,2021-12-05,3
Nelson Marlborough,2021-12-06,2
Nelson Marlborough,2021-12-07,1
Nelson Marlborough,2021-12-09,1
Nelson Marlborough,2021-12-11,1
Nelson Marlborough,2022-01-20,1
Nelson Marlborough,2022-01-21,7
Nelson Marlborough,2022-01-22,1
Nelson Marlborough,2022-01-23,1
Nelson Marlborough,2022-01-24,2
Nelson Marlborough,2022-01-26,2
Nelson Marlborough,2022-01-27,2
Nelson Marlborough,2022-01-28,1
Nelson Marlborough,2022-01-31,1
Nelson Marlborough,2022-02-01,2
Nelson Marlborough,2022-02-03,3
Nelson Marlborough,2022-02-05,3
Nelson Marlborough,2022-02-06,1
Nelson Marlborough,2022-02-08,1
Nelson Marlborough,2022-02-12,2
Nelson Marlborough,2022-02-13,2
Nelson Marlborough,2022-02-14,8
Nelson Marlborough,2022-02-15,15
Nelson Marlborough,2022-02-16,49
Nelson Marlborough,2022-02-17,54
Nelson Marlborough,2022-02-18,37
Nelson Marlborough,2022-02-19,45
Nelson Marlborough,2022-02-20,59
Nelson Marlborough,2022-02-21,135
Nelson Marlborough,2022-02-22,196
Nelson Marlborough,2022-02-23,146
Nelson Marlborough,2022-02-24,81
Nelson Marlborough,2022-02-25,108
Nelson Marlborough,2022-02-26,94
Nelson Marlborough,2022-02-27,121
Nelson Marlborough,2022-02-28,171
Nelson Marlborough,2022-03-01,276
Nelson Marlborough,2022-03-02,266
Nelson Marlborough,2022-03-03,311
Nelson Marlborough,2022-03-04,257
Nelson Marlborough,2022-03-05,234
Nelson Marlborough,2022-03-06,328
Nelson Marlborough,2022-03-07,434
Nelson Marlborough,2022-03-08,456
Nelson Marlborough,2022-03-09,446
Nelson Marlborough,2022-03-10,442
Nelson Marlborough,2022-03-11,423
Nelson Marlborough,2022-03-12,377
Nelson Marlborough,2022-03-13,374
Nelson Marlborough,2022-03-14,520
Nelson Marlborough,2022-03-15,487
Nelson Marlborough,2022-03-16,522
Nelson Marlborough,2022-03-17,417
Nelson Marlborough,2022-03-18,406
Nelson Marlborough,2022-03-19,359
Northland,2020-03-17,1
Northland,2020-03-22,1
Northland,2020-03-24,2
Northland,2020-03-25,2
Northland,2020-03-26,2
Northland,2020-03-29,2
Northland,2020-03-30,1
Northland,2020-03-31,1
Northland,2020-04-01,1
Northland,2020-04-02,1
Northland,2020-04-03,2
Northland,2020-04-04,1
Northland,2020-04-05,2
Northland,2020-04-06,1
Northland,2020-04-07,2
Northland,2020-04-09,1
Northland,2020-04-10,2
Northland,2020-04-11,1
Northland,2020-04-13,1
Northland,2020-04-16,1
Northland,2021-10-22,4
Northland,2021-10-23,1
Northland,2021-10-24,2
Northland,2021-10-28,3
Northland,2021-10-29,2
Northland,2021-11-01,3
Northland,2021-11-03,1
Northland,2021-11-05,3
Northland,2021-11-06,1
Northland,2021-11-07,3
Northland,2021-11-08,4
Northland,2021-11-09,2
Northland,2021-11-10,5
Northland,2021-11-11,5
Northland,2021-11-12,3
Northland,2021-11-14,4
Northland,2021-11-15,2
Northland,2021-11-16,1
Northland,2021-11-17,6
Northland,2021-11-18,5
Northland,2021-11-19,3
Northland,2021-11-20,3
Northland,2021-11-21,1
Northland,2021-11-22,5
Northland,2021-11-23,1
Northland,2021-11-24,2
Northland,2021-11-25,3
Northland,2021-11-26,2
Northland,2021-11-27,3
Northland,2021-11-29,1
Northland,2021-11-30,1
Northland,2021-12-01,2
Northland,2021-12-02,1
Northland,2021-12-03,2
Northland,2021-12-04,4
Northland,2021-12-07,2
Northland,2021-12-10,2
Northland,2021-12-11,2
Northland,2021-12-15,2
Northland,2021-12-25,2
Northland,2021-12-28,4
Northland,2022-01-09,1
Northland,2022-01-10,1
Northland,2022-01-14,2
Northland,2022-01-15,1
Northland,2022-01-18,1
Northland,2022-01-21,2
Northland,2022-01-22,2
Northland,2022-01-23,2
Northland,2022-01-24,2
Northland,2022-01-25,2
Northland,2022-01-27,2
Northland,2022-01-28,3
Northland,2022-01-29,2
Northland,2022-01-30,2
Northland,2022-01-31,9
Northland,2022-02-01,11
Northland,2022-02-02,15
Northland,2022-02-03,16
Northland,2022-02-04,22
Northland,2022-02-05,11
Northland,2022-02-06,10
Northland,2022-02-07,23
Northland,2022-02-08,3
Northland,2022-02-09,7
Northland,2022-02-10,20
Northland,2022-02-11,8
Northland,2022-02-12,11
Northland,2022-02-13,18
Northland,2022-02-14,42
Northland,2022-02-15,24
Northland,2022-02-16,30
Northland,2022-02-17,12
Northland,2022-02-18,33
Northland,2022-02-19,35
Northland,2022-02-20,44
Northland,2022-02-21,43
Northland,2022-02-22,133
Northland,2022-02-23,110
Northland,2022-02-24,114
Northland,2022-02-25,195
Northland,2022-02-26,146
Northland,2022-02-27,183
Northland,2022-02-28,300
Northland,2022-03-01,381
Northland,2022-03-02,517
Northland,2022-03-03,526
Northland,2022-03-04,485
Northland,2022-03-05,380
Northland,2022-03-06,508
Northland,2022-03-07,718
Northland,2022-03-08,713
Northland,2022-03-09,689
Northland,2022-03-10,764
Northland,2022-03-11,672
Northland,2022-03-12,439
Northland,2022-03-13,483
Northland,2022-03-14,706
Northland,2022-03-15,664
Northland,2022-03-16,701
Northland,2022-03-17,537
Northland,2022-03-18,548
Northland,2022-03-19,511
South Canterbury,2020-03-23,2
South Canterbury,2020-03-27,4
South Canterbury,2020-03-28,1
South Canterbury,2020-03-29,2
South Canterbury,2020-03-30,1
South Canterbury,2020-04-08,1
South Canterbury,2020-04-11,1
South Canterbury,2020-04-14,1
South Canterbury,2020-04-15,1
South Canterbury,2020-04-17,1
South Canterbury,2020-04-19,1
South Canterbury,2020-04-25,1
South Canterbury,2022-01-10,1
South Canterbury,2022-02-11,1
South Canterbury,2022-02-12,2
South Canterbury,2022-02-15,3
South Canterbury,2022-02-17,7
South Canterbury,2022-02-18,2
South Canterbury,2022-02-19,1
South Canterbury,2022-02-21,2
South Canterbury,2022-02-22,20
South Canterbury,2022-02-23,13
South Canterbury,2022-02-24,25
South Canterbury,2022-02-25,14
South Canterbury,2022-02-26,18
South Canterbury,2022-02-27,18
South Canterbury,2022-02-28,40
South Canterbury,2022-03-01,29
South Canterbury,2022-03-02,48
South Canterbury,2022-03-03,63
South Canterbury,2022-03-04,61
South Canterbury,2022-03-05,49
South Canterbury,2022-03-06,84
South Canterbury,2022-03-07,127
South Canterbury,2022-03-08,119
South Canterbury,2022-03-09,109
South Canterbury,2022-03-10,136
South Canterbury,2022-03-11,119
South Canterbury,2022-03-12,95
South Canterbury,2022-03-13,129
South Canterbury,2022-03-14,217
South Canterbury,2022-03-15,185
South Canterbury,2022-03-16,213
South Canterbury,2022-03-17,135
South Canterbury,2022-03-18,178
South Canterbury,2022-03-19,209
Southern,2020-03-13,1
Southern,2020-03-17,3
Southern,2020-03-18,2
Southern,2020-03-19,1
Southern,2020-03-20,2
Southern,2020-03-22,2
Southern,2020-03-23,4
Southern,2020-03-24,7
Southern,2020-03-25,9
Southern,2020-03-26,7
Southern,2020-03-27,19
Southern,2020-03-28,13
Southern,2020-03-29,12
Southern,2020-03-30,9
Southern,2020-03-31,9
Southern,2020-04-01,16
Southern,2020-04-02,18
Southern,2020-04-03,15
Southern,2020-04-04,10
Southern,2020-04-05,17
Southern,2020-04-06,8
Southern,2020-04-07,9
Southern,2020-04-08,3
Southern,2020-04-09,4
Southern,2020-04-10,5
Southern,2020-04-12,4
Southern,2020-04-13,1
Southern,2020-04-14,2
Southern,2020-04-15,1
Southern,2020-04-16,1
Southern,2020-04-17,2
Southern,2021-03-19,1
Southern,2022-02-09,1
Southern,2022-02-10,10
Southern,2022-02-11,5
Southern,2022-02-12,14
Southern,2022-02-13,16
Southern,2022-02-14,25
Southern,2022-02-15,34
Southern,2022-02-16,32
Southern,2022-02-17,80
Southern,2022-02-18,98
Southern,2022-02-19,163
Southern,2022-02-20,159
Southern,2022-02-21,648
Southern,2022-02-22,1092
Southern,2022-02-23,407
Southern,2022-02-24,471
Southern,2022-02-25,481
Southern,2022-02-26,408
Southern,2022-02-27,424
Southern,2022-02-28,508
Southern,2022-03-01,607
Southern,2022-03-02,627
Southern,2022-03-03,654
Southern,2022-03-04,562
Southern,2022-03-05,444
Southern,2022-03-06,503
Southern,2022-03-07,922
Southern,2022-03-08,841
Southern,2022-03-09,913
Southern,2022-03-10,872
Southern,2022-03-11,850
Southern,2022-03-12,701
Southern,2022-03-13,796
Southern,2022-03-14,1242
Southern,2022-03-15,1204
Southern,2022-03-16,1223
Southern,2022-03-17,890
Southern,2022-03-18,1054
Southern,2022-03-19,1022
Tairawhiti,2020-03-26,1
Tairawhiti,2020-04-11,1
Tairawhiti,2020-04-14,2
Tairawhiti,2021-12-24,2
Tairawhiti,2021-12-29,1
Tairawhiti,2022-01-26,1
Tairawhiti,2022-01-28,3
Tairawhiti,2022-01-29,1
Tairawhiti,2022-01-30,4
Tairawhiti,2022-02-01,1
Tairawhiti,2022-02-02,1
Tairawhiti,2022-02-03,5
Tairawhiti,2022-02-06,1
Tairawhiti,2022-02-09,4
Tairawhiti,2022-02-12,3
Tairawhiti,2022-02-13,5
Tairawhiti,2022-02-14,8
Tairawhiti,2022-02-15,7
Tairawhiti,2022-02-16,7
Tairawhiti,2022-02-17,11
Tairawhiti,2022-02-18,13
Tairawhiti,2022-02-19,12
Tairawhiti,2022-02-20,12
Tairawhiti,2022-02-21,17
Tairawhiti,2022-02-22,41
Tairawhiti,2022-02-23,32
Tairawhiti,2022-02-24,24
Tairawhiti,2022-02-25,62
Tairawhiti,2022-02-26,43
Tairawhiti,2022-02-27,51
Tairawhiti,2022-02-28,78
Tairawhiti,2022-03-01,137
Tairawhiti,2022-03-02,136
Tairawhiti,2022-03-03,157
Tairawhiti,2022-03-04,154
Tairawhiti,2022-03-05,171
Tairawhiti,2022-03-06,214
Tairawhiti,2022-03-07,365
Tairawhiti,2022-03-08,375
Tairawhiti,2022-03-09,353
Tairawhiti,2022-03-10,328
Tairawhiti,2022-03-11,380
Tairawhiti,2022-03-12,289
Tairawhiti,2022-03-13,261
Tairawhiti,2022-03-14,446
Tairawhiti,2022-03-15,371
Tairawhiti,2022-03-16,388
Tairawhiti,2022-03-17,232
Tairawhiti,2022-03-18,327
Tairawhiti,2022-03-19,248
Taranaki,2020-03-16,2
Taranaki,2020-03-21,2
Taranaki,2020-03-25,1
Taranaki,2020-03-26,2
Taranaki,2020-03-27,5
Taranaki,2020-03-30,1
Taranaki,2020-04-01,1
Taranaki,2020-04-25,1
Taranaki,2020-04-26,1
Taranaki,2021-11-11,6
Taranaki,2021-12-02,1
Taranaki,2021-12-06,1
Taranaki,2021-12-09,1
Taranaki,2021-12-11,1
Taranaki,2021-12-14,4
Taranaki,2021-12-15,12
Taranaki,2021-12-16,3
Taranaki,2021-12-17,3
Taranaki,2021-12-18,4
Taranaki,2021-12-19,3
Taranaki,2021-12-21,1
Taranaki,2021-12-22,1
Taranaki,2021-12-23,1
Taranaki,2022-01-03,1
Taranaki,2022-01-05,1
Taranaki,2022-01-25,1
Taranaki,2022-01-26,1
Taranaki,2022-01-29,1
Taranaki,2022-01-31,4
Taranaki,2022-02-05,1
Taranaki,2022-02-07,2
Taranaki,2022-02-08,1
Taranaki,2022-02-09,4
Taranaki,2022-02-10,1
Taranaki,2022-02-11,1
Taranaki,2022-02-12,4
Taranaki,2022-02-14,2
Taranaki,2022-02-15,9
Taranaki,2022-02-16,8
Taranaki,2022-02-17,11
Taranaki,2022-02-18,10
Taranaki,2022-02-19,8
Taranaki,2022-02-20,3
Taranaki,2022-02-21,23
Taranaki,2022-02-22,45
Taranaki,2022-02-23,46
Taranaki,2022-02-24,41
Taranaki,2022-02-25,75
Taranaki,2022-02-26,48
Taranaki,2022-02-27,86
Taranaki,2022-02-28,129
Taranaki,2022-03-01,255
Taranaki,2022-03-02,285
Taranaki,2022-03-03,268
Taranaki,2022-03-04,263
Taranaki,2022-03-05,242
Taranaki,2022-03-06,309
Taranaki,2022-03-07,528
Taranaki,2022-03-08,535
Taranaki,2022-03-09,524
Taranaki,2022-03-10,519
Taranaki,2022-03-11,463
Taranaki,2022-03-12,355
Taranaki,2022-03-13,343
Taranaki,2022-03-14,509
Taranaki,2022-03-15,663
Taranaki,2022-03-16,662
Taranaki,2022-03-17,471
Taranaki,2022-03-18,515
Taranaki,2022-03-19,457
Unknown,2022-02-13,1
Unknown,2022-02-15,1
Unknown,2022-02-18,1
Unknown,2022-02-19,2
Unknown,2022-02-20,1
Unknown,2022-02-22,3
Unknown,2022-02-23,3
Unknown,2022-02-24,9
Unknown,2022-02-25,4
Unknown,2022-02-26,2
Unknown,2022-02-27,6
Unknown,2022-02-28,8
Unknown,2022-03-01,8
Unknown,2022-03-02,16
Unknown,2022-03-03,12
Unknown,2022-03-04,6
Unknown,2022-03-05,10
Unknown,2022-03-06,7
Unknown,2022-03-07,7
Unknown,2022-03-08,8
Unknown,2022-03-09,13
Unknown,2022-03-10,4
Unknown,2022-03-11,9
Unknown,2022-03-12,4
Unknown,2022-03-13,10
Unknown,2022-03-14,9
Unknown,2022-03-15,7
Unknown,2022-03-16,8
Unknown,2022-03-17,6
Unknown,2022-03-18,12
Unknown,2022-03-19,9
Waikato,2020-03-16,2
Waikato,2020-03-19,2
Waikato,2020-03-20,1
Waikato,2020-03-21,3
Waikato,2020-03-22,3
Waikato,2020-03-23,4
Waikato,2020-03-24,2
Waikato,2020-03-25,21
Waikato,2020-03-26,10
Waikato,2020-03-27,11
Waikato,2020-03-28,3
Waikato,2020-03-29,16
Waikato,2020-03-30,5
Waikato,2020-03-31,24
Waikato,2020-04-01,9
Waikato,2020-04-02,8
Waikato,2020-04-03,13
Waikato,2020-04-04,6
Waikato,2020-04-05,4
Waikato,2020-04-06,7
Waikato,2020-04-07,5
Waikato,2020-04-08,3
Waikato,2020-04-09,3
Waikato,2020-04-10,2
Waikato,2020-04-11,9
Waikato,2020-04-14,1
Waikato,2020-04-15,2
Waikato,2020-04-16,1
Waikato,2020-04-18,1
Waikato,2020-04-19,1
Waikato,2020-04-21,1
Waikato,2020-04-22,1
Waikato,2020-04-23,1
Waikato,2020-05-06,1
Waikato,2020-05-10,1
Waikato,2020-08-19,1
Waikato,2020-09-14,1
Waikato,2020-09-16,5
Waikato,2021-03-20,1
Waikato,2021-10-02,1
Waikato,2021-10-03,5
Waikato,2021-10-04,2
Waikato,2021-10-05,8
Waikato,2021-10-06,6
Waikato,2021-10-07,3
Waikato,2021-10-08,2
Waikato,2021-10-09,2
Waikato,2021-10-10,3
Waikato,2021-10-11,2
Waikato,2021-10-12,3
Waikato,2021-10-15,1
Waikato,2021-10-16,4
Waikato,2021-10-17,3
Waikato,2021-10-18,7
Waikato,2021-10-19,4
Waikato,2021-10-20,6
Waikato,2021-10-21,11
Waikato,2021-10-22,7
Waikato,2021-10-23,3
Waikato,2021-10-24,4
Waikato,2021-10-25,4
Waikato,2021-10-26,6
Waikato,2021-10-27,4
Waikato,2021-10-28,6
Waikato,2021-10-29,5
Waikato,2021-10-30,7
Waikato,2021-10-31,4
Waikato,2021-11-01,18
Waikato,2021-11-02,3
Waikato,2021-11-03,2
Waikato,2021-11-04,4
Waikato,2021-11-05,4
Waikato,2021-11-06,2
Waikato,2021-11-07,6
Waikato,2021-11-08,2
Waikato,2021-11-09,14
Waikato,2021-11-10,22
Waikato,2021-11-11,18
Waikato,2021-11-12,8
Waikato,2021-11-13,8
Waikato,2021-11-14,7
Waikato,2021-11-15,20
Waikato,2021-11-16,4
Waikato,2021-11-17,27
Waikato,2021-11-18,12
Waikato,2021-11-19,21
Waikato,2021-11-20,9
Waikato,2021-11-21,14
Waikato,2021-11-22,12
Waikato,2021-11-23,16
Waikato,2021-11-24,18
Waikato,2021-11-25,11
Waikato,2021-11-26,16
Waikato,2021-11-27,8
Waikato,2021-11-28,12
Waikato,2021-11-29,8
Waikato,2021-11-30,14
Waikato,2021-12-01,15
Waikato,2021-12-02,5
Waikato,2021-12-03,21
Waikato,2021-12-04,8
Waikato,2021-12-05,7
Waikato,2021-12-06,8
Waikato,2021-12-07,9
Waikato,2021-12-08,9
Waikato,2021-12-09,11
Waikato,2021-12-10,3
Waikato,2021-12-11,8
Waikato,2021-12-12,11
Waikato,2021-12-13,10
Waikato,2021-12-14,9
Waikato,2021-12-15,6
Waikato,2021-12-16,15
Waikato,2021-12-17,4
Waikato,2021-12-18,7
Waikato,2021-12-20,2
Waikato,2021-12-21,8
Waikato,2021-12-22,4
Waikato,2021-12-23,7
Waikato,2021-12-24,10
Waikato,2021-12-25,2
Waikato,2021-12-26,7
Waikato,2021-12-27,6
Waikato,2021-12-28,26
Waikato,2021-12-29,2
Waikato,2021-12-30,3
Waikato,2021-12-31,7
Waikato,2022-01-01,1
Waikato,2022-01-02,6
Waikato,2022-01-03,1
Waikato,2022-01-04,6
Waikato,2022-01-05,1
Waikato,2022-01-06,4
Waikato,2022-01-07,3
Waikato,2022-01-08,1
Waikato,2022-01-09,6
Waikato,2022-01-10,1
Waikato,2022-01-11,2
Waikato,2022-01-12,5
Waikato,2022-01-13,1
Waikato,2022-01-15,2
Waikato,2022-01-17,1
Waikato,2022-01-20,1
Waikato,2022-01-21,4
Waikato,2022-01-22,2
Waikato,2022-01-23,3
Waikato,2022-01-25,3
Waikato,2022-01-26,2
Waikato,2022-01-27,16
Waikato,2022-01-28,13
Waikato,2022-01-29,14
Waikato,2022-01-30,18
Waikato,2022-01-31,15
Waikato,2022-02-01,13
Waikato,2022-02-02,8
Waikato,2022-02-03,63
Waikato,2022-02-04,39
Waikato,2022-02-05,27
Waikato,2022-02-06,41
Waikato,2022-02-07,34
Waikato,2022-02-08,15
Waikato,2022-02-09,63
Waikato,2022-02-10,54
Waikato,2022-02-11,51
Waikato,2022-02-12,80
Waikato,2022-02-13,81
Waikato,2022-02-14,72
Waikato,2022-02-15,74
Waikato,2022-02-16,148
Waikato,2022-02-17,164
Waikato,2022-02-18,248
Waikato,2022-02-19,373
Waikato,2022-02-20,374
Waikato,2022-02-21,640
Waikato,2022-02-22,844
Waikato,2022-02-23,1084
Waikato,2022-02-24,818
Waikato,2022-02-25,939
Waikato,2022-02-26,747
Waikato,2022-02-27,874
Waikato,2022-02-28,1436
Waikato,2022-03-01,2069
Waikato,2022-03-02,1997
Waikato,2022-03-03,1752
Waikato,2022-03-04,1576
Waikato,2022-03-05,1332
Waikato,2022-03-06,1535
Waikato,2022-03-07,2142
Waikato,2022-03-08,2107
Waikato,2022-03-09,2018
Waikato,2022-03-10,1943
Waikato,2022-03-11,1707
Waikato,2022-03-12,1408
Waikato,2022-03-13,1531
Waikato,2022-03-14,2066
Waikato,2022-03-15,1837
Waikato,2022-03-16,1820
Waikato,2022-03-17,1335
Waikato,2022-03-18,1486
Waikato,2022-03-19,1331
Wairarapa,2020-03-19,1
Wairarapa,2020-03-21,2
Wairarapa,2020-03-24,2
Wairarapa,2020-03-31,1
Wairarapa,2020-04-02,2
Wairarapa,2021-11-15,2
Wairarapa,2021-11-18,1
Wairarapa,2022-01-12,4
Wairarapa,2022-01-16,1
Wairarapa,2022-02-10,1
Wairarapa,2022-02-13,12
Wairarapa,2022-02-14,1
Wairarapa,2022-02-15,5
Wairarapa,2022-02-16,29
Wairarapa,2022-02-17,7
Wairarapa,2022-02-18,14
Wairarapa,2022-02-19,10
Wairarapa,2022-02-20,8
Wairarapa,2022-02-21,3
Wairarapa,2022-02-22,30
Wairarapa,2022-02-23,26
Wairarapa,2022-02-24,31
Wairarapa,2022-02-25,22
Wairarapa,2022-02-26,19
Wairarapa,2022-02-27,34
Wairarapa,2022-02-28,38
Wairarapa,2022-03-01,94
Wairarapa,2022-03-02,93
Wairarapa,2022-03-03,75
Wairarapa,2022-03-04,95
Wairarapa,2022-03-05,87
Wairarapa,2022-03-06,99
Wairarapa,2022-03-07,135
Wairarapa,2022-03-08,165
Wairarapa,2022-03-09,170
Wairarapa,2022-03-10,175
Wairarapa,2022-03-11,166
Wairarapa,2022-03-12,112
Wairarapa,2022-03-13,167
Wairarapa,2022-03-14,230
Wairarapa,2022-03-15,209
Wairarapa,2022-03-16,260
Wairarapa,2022-03-17,164
Wairarapa,2022-03-18,230
Wairarapa,2022-03-19,179
Waitemata,2020-03-02,1
Waitemata,2020-03-04,1
Waitemata,2020-03-05,1
Waitemata,2020-03-15,1
Waitemata,2020-03-17,2
Waitemata,2020-03-19,1
Waitemata,2020-03-20,2
Waitemata,2020-03-21,1
Waitemata,2020-03-22,5
Waitemata,2020-03-23,2
Waitemata,2020-03-24,8
Waitemata,2020-03-25,11
Waitemata,2020-03-26,11
Waitemata,2020-03-27,4
Waitemata,2020-03-28,13
Waitemata,2020-03-29,16
Waitemata,2020-03-30,9
Waitemata,2020-03-31,12
Waitemata,2020-04-01,14
Waitemata,2020-04-02,12
Waitemata,2020-04-03,8
Waitemata,2020-04-04,15
Waitemata,2020-04-05,9
Waitemata,2020-04-06,2
Waitemata,2020-04-07,9
Waitemata,2020-04-08,5
Waitemata,2020-04-09,4
Waitemata,2020-04-10,7
Waitemata,2020-04-11,8
Waitemata,2020-04-12,4
Waitemata,2020-04-13,6
Waitemata,2020-04-15,1
Waitemata,2020-04-16,5
Waitemata,2020-04-17,1
Waitemata,2020-04-18,4
Waitemata,2020-04-19,1
Waitemata,2020-04-23,2
Waitemata,2020-04-24,3
Waitemata,2020-04-25,3
Waitemata,2020-04-26,1
Waitemata,2020-04-27,2
Waitemata,2020-04-30,1
Waitemata,2020-05-01,2
Waitemata,2020-05-05,1
Waitemata,2020-05-06,1
Waitemata,2020-05-07,1
Waitemata,2020-05-08,1
Waitemata,2020-05-10,2
Waitemata,2020-05-14,1
Waitemata,2020-08-12,4
Waitemata,2020-08-13,2
Waitemata,2020-08-15,3
Waitemata,2020-08-18,1
Waitemata,2020-08-19,3
Waitemata,2020-08-20,1
Waitemata,2020-08-21,1
Waitemata,2020-08-22,2
Waitemata,2020-08-23,1
Waitemata,2020-08-24,2
Waitemata,2020-08-25,2
Waitemata,2020-08-26,4
Waitemata,2020-08-27,5
Waitemata,2020-08-28,3
Waitemata,2020-08-29,1
Waitemata,2020-08-31,1
Waitemata,2020-09-02,1
Waitemata,2020-09-04,1
Waitemata,2020-09-05,5
Waitemata,2020-09-06,2
Waitemata,2020-09-07,4
Waitemata,2020-09-08,3
Waitemata,2020-09-09,1
Waitemata,2020-09-11,2
Waitemata,2020-09-12,1
Waitemata,2020-09-24,1
Waitemata,2020-10-17,1
Waitemata,2020-10-21,1
Waitemata,2020-10-22,1
Waitemata,2021-01-27,2
Waitemata,2021-02-04,1
Waitemata,2021-08-17,5
Waitemata,2021-08-18,3
Waitemata,2021-08-19,9
Waitemata,2021-08-20,4
Waitemata,2021-08-21,5
Waitemata,2021-08-22,11
Waitemata,2021-08-23,7
Waitemata,2021-08-24,22
Waitemata,2021-08-25,5
Waitemata,2021-08-26,14
Waitemata,2021-08-27,13
Waitemata,2021-08-28,14
Waitemata,2021-08-29,17
Waitemata,2021-08-30,14
Waitemata,2021-08-31,20
Waitemata,2021-09-01,4
Waitemata,2021-09-02,2
Waitemata,2021-09-03,10
Waitemata,2021-09-04,5
Waitemata,2021-09-05,2
Waitemata,2021-09-06,4
Waitemata,2021-09-07,3
Waitemata,2021-09-08,8
Waitemata,2021-09-10,1
Waitemata,2021-09-12,3
Waitemata,2021-09-13,2
Waitemata,2021-09-15,1
Waitemata,2021-09-17,1
Waitemata,2021-09-20,1
Waitemata,2021-09-21,2
Waitemata,2021-09-24,2
Waitemata,2021-09-25,7
Waitemata,2021-09-27,1
Waitemata,2021-09-28,6
Waitemata,2021-09-30,3
Waitemata,2021-10-01,3
Waitemata,2021-10-02,5
Waitemata,2021-10-03,7
Waitemata,2021-10-04,7
Waitemata,2021-10-05,10
Waitemata,2021-10-06,10
Waitemata,2021-10-07,12
Waitemata,2021-10-08,12
Waitemata,2021-10-09,11
Waitemata,2021-10-10,13
Waitemata,2021-10-11,11
Waitemata,2021-10-12,20
Waitemata,2021-10-13,46
Waitemata,2021-10-14,26
Waitemata,2021-10-15,15
Waitemata,2021-10-16,17
Waitemata,2021-10-17,41
Waitemata,2021-10-18,45
Waitemata,2021-10-19,38
Waitemata,2021-10-20,37
Waitemata,2021-10-21,38
Waitemata,2021-10-22,37
Waitemata,2021-10-23,31
Waitemata,2021-10-24,42
Waitemata,2021-10-25,24
Waitemata,2021-10-26,41
Waitemata,2021-10-27,42
Waitemata,2021-10-28,54
Waitemata,2021-10-29,42
Waitemata,2021-10-30,57
Waitemata,2021-10-31,56
Waitemata,2021-11-01,29
Waitemata,2021-11-02,43
Waitemata,2021-11-03,66
Waitemata,2021-11-04,71
Waitemata,2021-11-05,54
Waitemata,2021-11-06,62
Waitemata,2021-11-07,46
Waitemata,2021-11-08,50
Waitemata,2021-11-09,39
Waitemata,2021-11-10,74
Waitemata,2021-11-11,53
Waitemata,2021-11-12,40
Waitemata,2021-11-13,38
Waitemata,2021-11-14,56
Waitemata,2021-11-15,26
Waitemata,2021-11-16,38
Waitemata,2021-11-17,36
Waitemata,2021-11-18,26
Waitemata,2021-11-19,42
Waitemata,2021-11-20,36
Waitemata,2021-11-21,26
Waitemata,2021-11-22,30
Waitemata,2021-11-23,37
Waitemata,2021-11-24,20
Waitemata,2021-11-25,42
Waitemata,2021-11-26,37
Waitemata,2021-11-27,22
Waitemata,2021-11-28,32
Waitemata,2021-11-29,28
Waitemata,2021-11-30,21
Waitemata,2021-12-01,17
Waitemata,2021-12-02,22
Waitemata,2021-12-03,10
Waitemata,2021-12-04,22
Waitemata,2021-12-05,13
Waitemata,2021-12-06,10
Waitemata,2021-12-07,23
Waitemata,2021-12-08,21
Waitemata,2021-12-09,9
Waitemata,2021-12-10,14
Waitemata,2021-12-11,17
Waitemata,2021-12-12,13
Waitemata,2021-12-13,6
Waitemata,2021-12-14,10
Waitemata,2021-12-15,11
Waitemata,2021-12-16,7
Waitemata,2021-12-17,1
Waitemata,2021-12-18,3
Waitemata,2021-12-19,6
Waitemata,2021-12-20,3
Waitemata,2021-12-21,3
Waitemata,2021-12-22,7
Waitemata,2021-12-23,2
Waitemata,2021-12-24,10
Waitemata,2021-12-25,4
Waitemata,2021-12-27,4
Waitemata,2021-12-28,5
Waitemata,2021-12-29,2
Waitemata,2021-12-30,3
Waitemata,2021-12-31,4
Waitemata,2022-01-01,5
Waitemata,2022-01-03,7
Waitemata,2022-01-04,2
Waitemata,2022-01-05,4
Waitemata,2022-01-06,4
Waitemata,2022-01-07,5
Waitemata,2022-01-08,4
Waitemata,2022-01-09,4
Waitemata,2022-01-10,1
Waitemata,2022-01-11,2
Waitemata,2022-01-12,6
Waitemata,2022-01-13,4
Waitemata,2022-01-14,6
Waitemata,2022-01-15,8
Waitemata,2022-01-16,2
Waitemata,2022-01-17,2
Waitemata,2022-01-18,5
Waitemata,2022-01-19,7
Waitemata,2022-01-20,3
Waitemata,2022-01-21,5
Waitemata,2022-01-22,2
Waitemata,2022-01-23,6
Waitemata,2022-01-24,6
Waitemata,2022-01-26,10
Waitemata,2022-01-27,11
Waitemata,2022-01-28,16
Waitemata,2022-01-29,18
Waitemata,2022-01-30,5
Waitemata,2022-01-31,10
Waitemata,2022-02-01,7
Waitemata,2022-02-02,11
Waitemata,2022-02-03,19
Waitemata,2022-02-04,19
Waitemata,2022-02-05,17
Waitemata,2022-02-06,26
Waitemata,2022-02-07,16
Waitemata,2022-02-08,10
Waitemata,2022-02-09,29
Waitemata,2022-02-10,49
Waitemata,2022-02-11,71
Waitemata,2022-02-12,67
Waitemata,2022-02-13,50
Waitemata,2022-02-14,122
Waitemata,2022-02-15,99
Waitemata,2022-02-16,195
Waitemata,2022-02-17,225
Waitemata,2022-02-18,306
Waitemata,2022-02-19,392
Waitemata,2022-02-20,410
Waitemata,2022-02-21,944
Waitemata,2022-02-22,977
Waitemata,2022-02-23,1261
Waitemata,2022-02-24,1945
Waitemata,2022-02-25,2260
Waitemata,2022-02-26,1610
Waitemata,2022-02-27,1828
Waitemata,2022-02-28,2684
Waitemata,2022-03-01,3392
Waitemata,2022-03-02,3339
Waitemata,2022-03-03,3540
Waitemata,2022-03-04,2638
Waitemata,2022-03-05,2077
Waitemata,2022-03-06,2264
Waitemata,2022-03-07,2832
Waitemata,2022-03-08,2606
Waitemata,2022-03-09,2334
Waitemata,2022-03-10,2234
Waitemata,2022-03-11,1949
Waitemata,2022-03-12,1515
Waitemata,2022-03-13,1573
Waitemata,2022-03-14,1988
Waitemata,2022-03-15,1808
Waitemata,2022-03-16,1648
Waitemata,2022-03-17,1231
Waitemata,2022-03-18,1317
Waitemata,2022-03-19,1229
West Coast,2020-03-22,1
West Coast,2020-03-26,2
West Coast,2020-04-01,1
West Coast,2020-04-05,1
West Coast,2022-01-14,1
West Coast,2022-01-17,1
West Coast,2022-02-21,1
West Coast,2022-02-22,2
West Coast,2022-02-23,3
West Coast,2022-02-24,8
West Coast,2022-02-25,3
West Coast,2022-02-26,8
West Coast,2022-02-27,3
West Coast,2022-02-28,12
West Coast,2022-03-01,18
West Coast,2022-03-02,17
West Coast,2022-03-03,16
West Coast,2022-03-04,17
West Coast,2022-03-05,18
West Coast,2022-03-06,13
West Coast,2022-03-07,30
West Coast,2022-03-08,20
West Coast,2022-03-09,26
West Coast,2022-03-10,22
West Coast,2022-03-11,31
West Coast,2022-03-12,18
West Coast,2022-03-13,31
West Coast,2022-03-14,45
West Coast,2022-03-15,30
West Coast,2022-03-16,60
West Coast,2022-03-17,39
West Coast,2022-03-18,38
West Coast,2022-03-19,26
Whanganui,2020-03-27,3
Whanganui,2020-04-01,2
Whanganui,2020-04-02,2
Whanganui,2020-04-17,1
Whanganui,2020-04-19,1
Whanganui,2021-12-04,1
Whanganui,2022-02-04,2
Whanganui,2022-02-12,5
Whanganui,2022-02-15,4
Whanganui,2022-02-16,11
Whanganui,2022-02-17,8
Whanganui,2022-02-18,9
Whanganui,2022-02-19,2
Whanganui,2022-02-20,5
Whanganui,2022-02-21,21
Whanganui,2022-02-22,11
Whanganui,2022-02-23,15
Whanganui,2022-02-24,18
Whanganui,2022-02-25,21
Whanganui,2022-02-26,14
Whanganui,2022-02-27,31
Whanganui,2022-02-28,42
Whanganui,2022-03-01,53
Whanganui,2022-03-02,82
Whanganui,2022-03-03,80
Whanganui,2022-03-04,93
Whanganui,2022-03-05,57
Whanganui,2022-03-06,94
Whanganui,2022-03-07,167
Whanganui,2022-03-08,201
Whanganui,2022-03-09,156
Whanganui,2022-03-10,187
Whanganui,2022-03-11,163
Whanganui,2022-03-12,136
Whanganui,2022-03-13,161
Whanganui,2022-03-14,274
Whanganui,2022-03-15,229
Whanganui,2022-03-16,268
Whanganui,2022-03-17,207
Whanganui,2022-03-18,235
Whanganui,2022-03-19,207
